Year,Age,Gender,Educational Attainment,Personal Income,Population Count
01/01/2008 12:00:00 AM,00 to 17,Male,Children under 15,No Income,
01/01/2008 12:00:00 AM,00 to 17,Male,No high school diploma,No Income,650889
01/01/2008 12:00:00 AM,00 to 17,Male,No high school diploma,"$5,000 to $9,999",30152
01/01/2008 12:00:00 AM,00 to 17,Male,No high school diploma,"$10,000 to $14,999",7092
01/01/2008 12:00:00 AM,00 to 17,Male,No high school diploma,"$15,000 to $24,999",3974
01/01/2008 12:00:00 AM,00 to 17,Male,No high school diploma,"$25,000 to $34,999",2606
01/01/2008 12:00:00 AM,00 to 17,Male,No high school diploma,"$35,000 to $49,999",2227
01/01/2008 12:00:00 AM,00 to 17,Male,High school or equivalent,No Income,
01/01/2008 12:00:00 AM,00 to 17,Male,"Some college, less than 4-yr degree",No Income,8664
01/01/2008 12:00:00 AM,00 to 17,Male,"Some college, less than 4-yr degree","$10,000 to $14,999",1304
01/01/2008 12:00:00 AM,00 to 17,Male,"Some college, less than 4-yr degree","$15,000 to $24,999",3465
01/01/2008 12:00:00 AM,00 to 17,Male,Bachelor's degree or higher,No Income,
01/01/2008 12:00:00 AM,00 to 17,Female,Children under 15,No Income,
01/01/2008 12:00:00 AM,00 to 17,Female,No high school diploma,No Income,635274
01/01/2008 12:00:00 AM,00 to 17,Female,No high school diploma,"$5,000 to $9,999",33202
01/01/2008 12:00:00 AM,00 to 17,Female,No high school diploma,"$10,000 to $14,999",6857
01/01/2008 12:00:00 AM,00 to 17,Female,No high school diploma,"$15,000 to $24,999",2009
01/01/2008 12:00:00 AM,00 to 17,Female,High school or equivalent,No Income,4711
01/01/2008 12:00:00 AM,00 to 17,Female,High school or equivalent,"$5,000 to $9,999",7672
01/01/2008 12:00:00 AM,00 to 17,Female,"Some college, less than 4-yr degree",No Income,7598
01/01/2008 12:00:00 AM,00 to 17,Female,"Some college, less than 4-yr degree","$5,000 to $9,999",1565
01/01/2008 12:00:00 AM,18 to 64,Male,No high school diploma,No Income,261172
01/01/2008 12:00:00 AM,18 to 64,Male,No high school diploma,"$5,000 to $9,999",163263
01/01/2008 12:00:00 AM,18 to 64,Male,No high school diploma,"$10,000 to $14,999",317119
01/01/2008 12:00:00 AM,18 to 64,Male,No high school diploma,"$15,000 to $24,999",573769
01/01/2008 12:00:00 AM,18 to 64,Male,No high school diploma,"$25,000 to $34,999",333713
01/01/2008 12:00:00 AM,18 to 64,Male,No high school diploma,"$35,000 to $49,999",222761
01/01/2008 12:00:00 AM,18 to 64,Male,No high school diploma,"$50,000 to $74,999",109200
01/01/2008 12:00:00 AM,18 to 64,Male,No high school diploma,"$75,000 and over",44291
01/01/2008 12:00:00 AM,18 to 64,Male,High school or equivalent,No Income,296555
01/01/2008 12:00:00 AM,18 to 64,Male,High school or equivalent,"$5,000 to $9,999",187833
01/01/2008 12:00:00 AM,18 to 64,Male,High school or equivalent,"$10,000 to $14,999",229724
01/01/2008 12:00:00 AM,18 to 64,Male,High school or equivalent,"$15,000 to $24,999",501296
01/01/2008 12:00:00 AM,18 to 64,Male,High school or equivalent,"$25,000 to $34,999",433340
01/01/2008 12:00:00 AM,18 to 64,Male,High school or equivalent,"$35,000 to $49,999",472466
01/01/2008 12:00:00 AM,18 to 64,Male,High school or equivalent,"$50,000 to $74,999",424046
01/01/2008 12:00:00 AM,18 to 64,Male,High school or equivalent,"$75,000 and over",175104
01/01/2008 12:00:00 AM,18 to 64,Male,"Some college, less than 4-yr degree",No Income,237810
01/01/2008 12:00:00 AM,18 to 64,Male,"Some college, less than 4-yr degree","$5,000 to $9,999",211318
01/01/2008 12:00:00 AM,18 to 64,Male,"Some college, less than 4-yr degree","$10,000 to $14,999",224732
01/01/2008 12:00:00 AM,18 to 64,Male,"Some college, less than 4-yr degree","$15,000 to $24,999",416638
01/01/2008 12:00:00 AM,18 to 64,Male,"Some college, less than 4-yr degree","$25,000 to $34,999",418686
01/01/2008 12:00:00 AM,18 to 64,Male,"Some college, less than 4-yr degree","$35,000 to $49,999",539958
01/01/2008 12:00:00 AM,18 to 64,Male,"Some college, less than 4-yr degree","$50,000 to $74,999",591795
01/01/2008 12:00:00 AM,18 to 64,Male,"Some college, less than 4-yr degree","$75,000 and over",478470
01/01/2008 12:00:00 AM,18 to 64,Male,Bachelor's degree or higher,No Income,94464
01/01/2008 12:00:00 AM,18 to 64,Male,Bachelor's degree or higher,"$5,000 to $9,999",52069
01/01/2008 12:00:00 AM,18 to 64,Male,Bachelor's degree or higher,"$10,000 to $14,999",88070
01/01/2008 12:00:00 AM,18 to 64,Male,Bachelor's degree or higher,"$15,000 to $24,999",201443
01/01/2008 12:00:00 AM,18 to 64,Male,Bachelor's degree or higher,"$25,000 to $34,999",236263
01/01/2008 12:00:00 AM,18 to 64,Male,Bachelor's degree or higher,"$35,000 to $49,999",387555
01/01/2008 12:00:00 AM,18 to 64,Male,Bachelor's degree or higher,"$50,000 to $74,999",690627
01/01/2008 12:00:00 AM,18 to 64,Male,Bachelor's degree or higher,"$75,000 and over",1456566
01/01/2008 12:00:00 AM,18 to 64,Female,No high school diploma,No Income,740143
01/01/2008 12:00:00 AM,18 to 64,Female,No high school diploma,"$5,000 to $9,999",252509
01/01/2008 12:00:00 AM,18 to 64,Female,No high school diploma,"$10,000 to $14,999",229721
01/01/2008 12:00:00 AM,18 to 64,Female,No high school diploma,"$15,000 to $24,999",317043
01/01/2008 12:00:00 AM,18 to 64,Female,No high school diploma,"$25,000 to $34,999",93849
01/01/2008 12:00:00 AM,18 to 64,Female,No high school diploma,"$35,000 to $49,999",51599
01/01/2008 12:00:00 AM,18 to 64,Female,No high school diploma,"$50,000 to $74,999",15192
01/01/2008 12:00:00 AM,18 to 64,Female,No high school diploma,"$75,000 and over",4233
01/01/2008 12:00:00 AM,18 to 64,Female,High school or equivalent,No Income,528876
01/01/2008 12:00:00 AM,18 to 64,Female,High school or equivalent,"$5,000 to $9,999",241389
01/01/2008 12:00:00 AM,18 to 64,Female,High school or equivalent,"$10,000 to $14,999",241913
01/01/2008 12:00:00 AM,18 to 64,Female,High school or equivalent,"$15,000 to $24,999",420710
01/01/2008 12:00:00 AM,18 to 64,Female,High school or equivalent,"$25,000 to $34,999",293265
01/01/2008 12:00:00 AM,18 to 64,Female,High school or equivalent,"$35,000 to $49,999",249327
01/01/2008 12:00:00 AM,18 to 64,Female,High school or equivalent,"$50,000 to $74,999",131571
01/01/2008 12:00:00 AM,18 to 64,Female,High school or equivalent,"$75,000 and over",59350
01/01/2008 12:00:00 AM,18 to 64,Female,"Some college, less than 4-yr degree",No Income,451575
01/01/2008 12:00:00 AM,18 to 64,Female,"Some college, less than 4-yr degree","$5,000 to $9,999",327251
01/01/2008 12:00:00 AM,18 to 64,Female,"Some college, less than 4-yr degree","$10,000 to $14,999",334679
01/01/2008 12:00:00 AM,18 to 64,Female,"Some college, less than 4-yr degree","$15,000 to $24,999",497615
01/01/2008 12:00:00 AM,18 to 64,Female,"Some college, less than 4-yr degree","$25,000 to $34,999",496456
01/01/2008 12:00:00 AM,18 to 64,Female,"Some college, less than 4-yr degree","$35,000 to $49,999",536363
01/01/2008 12:00:00 AM,18 to 64,Female,"Some college, less than 4-yr degree","$50,000 to $74,999",345723
01/01/2008 12:00:00 AM,18 to 64,Female,"Some college, less than 4-yr degree","$75,000 and over",179877
01/01/2008 12:00:00 AM,18 to 64,Female,Bachelor's degree or higher,No Income,224757
01/01/2008 12:00:00 AM,18 to 64,Female,Bachelor's degree or higher,"$5,000 to $9,999",131590
01/01/2008 12:00:00 AM,18 to 64,Female,Bachelor's degree or higher,"$10,000 to $14,999",148626
01/01/2008 12:00:00 AM,18 to 64,Female,Bachelor's degree or higher,"$15,000 to $24,999",345795
01/01/2008 12:00:00 AM,18 to 64,Female,Bachelor's degree or higher,"$25,000 to $34,999",320338
01/01/2008 12:00:00 AM,18 to 64,Female,Bachelor's degree or higher,"$35,000 to $49,999",503031
01/01/2008 12:00:00 AM,18 to 64,Female,Bachelor's degree or higher,"$50,000 to $74,999",770798
01/01/2008 12:00:00 AM,18 to 64,Female,Bachelor's degree or higher,"$75,000 and over",781211
01/01/2008 12:00:00 AM,65 to 80+,Male,No high school diploma,No Income,33353
01/01/2008 12:00:00 AM,65 to 80+,Male,No high school diploma,"$5,000 to $9,999",71652
01/01/2008 12:00:00 AM,65 to 80+,Male,No high school diploma,"$10,000 to $14,999",124247
01/01/2008 12:00:00 AM,65 to 80+,Male,No high school diploma,"$15,000 to $24,999",69185
01/01/2008 12:00:00 AM,65 to 80+,Male,No high school diploma,"$25,000 to $34,999",16279
01/01/2008 12:00:00 AM,65 to 80+,Male,No high school diploma,"$35,000 to $49,999",21985
01/01/2008 12:00:00 AM,65 to 80+,Male,No high school diploma,"$50,000 to $74,999",13271
01/01/2008 12:00:00 AM,65 to 80+,Male,No high school diploma,"$75,000 and over",5801
01/01/2008 12:00:00 AM,65 to 80+,Male,High school or equivalent,No Income,8278
01/01/2008 12:00:00 AM,65 to 80+,Male,High school or equivalent,"$5,000 to $9,999",46783
01/01/2008 12:00:00 AM,65 to 80+,Male,High school or equivalent,"$10,000 to $14,999",75602
01/01/2008 12:00:00 AM,65 to 80+,Male,High school or equivalent,"$15,000 to $24,999",108184
01/01/2008 12:00:00 AM,65 to 80+,Male,High school or equivalent,"$25,000 to $34,999",37651
01/01/2008 12:00:00 AM,65 to 80+,Male,High school or equivalent,"$35,000 to $49,999",48804
01/01/2008 12:00:00 AM,65 to 80+,Male,High school or equivalent,"$50,000 to $74,999",27164
01/01/2008 12:00:00 AM,65 to 80+,Male,High school or equivalent,"$75,000 and over",8527
01/01/2008 12:00:00 AM,65 to 80+,Male,"Some college, less than 4-yr degree",No Income,1923
01/01/2008 12:00:00 AM,65 to 80+,Male,"Some college, less than 4-yr degree","$5,000 to $9,999",21902
01/01/2008 12:00:00 AM,65 to 80+,Male,"Some college, less than 4-yr degree","$10,000 to $14,999",66280
01/01/2008 12:00:00 AM,65 to 80+,Male,"Some college, less than 4-yr degree","$15,000 to $24,999",108057
01/01/2008 12:00:00 AM,65 to 80+,Male,"Some college, less than 4-yr degree","$25,000 to $34,999",62955
01/01/2008 12:00:00 AM,65 to 80+,Male,"Some college, less than 4-yr degree","$35,000 to $49,999",46427
01/01/2008 12:00:00 AM,65 to 80+,Male,"Some college, less than 4-yr degree","$50,000 to $74,999",22443
01/01/2008 12:00:00 AM,65 to 80+,Male,"Some college, less than 4-yr degree","$75,000 and over",34723
01/01/2008 12:00:00 AM,65 to 80+,Male,Bachelor's degree or higher,No Income,25141
01/01/2008 12:00:00 AM,65 to 80+,Male,Bachelor's degree or higher,"$5,000 to $9,999",27004
01/01/2008 12:00:00 AM,65 to 80+,Male,Bachelor's degree or higher,"$10,000 to $14,999",43599
01/01/2008 12:00:00 AM,65 to 80+,Male,Bachelor's degree or higher,"$15,000 to $24,999",70274
01/01/2008 12:00:00 AM,65 to 80+,Male,Bachelor's degree or higher,"$25,000 to $34,999",51983
01/01/2008 12:00:00 AM,65 to 80+,Male,Bachelor's degree or higher,"$35,000 to $49,999",73084
01/01/2008 12:00:00 AM,65 to 80+,Male,Bachelor's degree or higher,"$50,000 to $74,999",82823
01/01/2008 12:00:00 AM,65 to 80+,Male,Bachelor's degree or higher,"$75,000 and over",161013
01/01/2008 12:00:00 AM,65 to 80+,Female,No high school diploma,No Income,69280
01/01/2008 12:00:00 AM,65 to 80+,Female,No high school diploma,"$5,000 to $9,999",178234
01/01/2008 12:00:00 AM,65 to 80+,Female,No high school diploma,"$10,000 to $14,999",182135
01/01/2008 12:00:00 AM,65 to 80+,Female,No high school diploma,"$15,000 to $24,999",42275
01/01/2008 12:00:00 AM,65 to 80+,Female,No high school diploma,"$25,000 to $34,999",14645
01/01/2008 12:00:00 AM,65 to 80+,Female,No high school diploma,"$35,000 to $49,999",8109
01/01/2008 12:00:00 AM,65 to 80+,Female,No high school diploma,"$50,000 to $74,999",8297
01/01/2008 12:00:00 AM,65 to 80+,Female,No high school diploma,"$75,000 and over",1981
01/01/2008 12:00:00 AM,65 to 80+,Female,High school or equivalent,No Income,34242
01/01/2008 12:00:00 AM,65 to 80+,Female,High school or equivalent,"$5,000 to $9,999",188067
01/01/2008 12:00:00 AM,65 to 80+,Female,High school or equivalent,"$10,000 to $14,999",156811
01/01/2008 12:00:00 AM,65 to 80+,Female,High school or equivalent,"$15,000 to $24,999",164592
01/01/2008 12:00:00 AM,65 to 80+,Female,High school or equivalent,"$25,000 to $34,999",78590
01/01/2008 12:00:00 AM,65 to 80+,Female,High school or equivalent,"$35,000 to $49,999",34003
01/01/2008 12:00:00 AM,65 to 80+,Female,High school or equivalent,"$50,000 to $74,999",29183
01/01/2008 12:00:00 AM,65 to 80+,Female,High school or equivalent,"$75,000 and over",12086
01/01/2008 12:00:00 AM,65 to 80+,Female,"Some college, less than 4-yr degree",No Income,12954
01/01/2008 12:00:00 AM,65 to 80+,Female,"Some college, less than 4-yr degree","$5,000 to $9,999",93823
01/01/2008 12:00:00 AM,65 to 80+,Female,"Some college, less than 4-yr degree","$10,000 to $14,999",120242
01/01/2008 12:00:00 AM,65 to 80+,Female,"Some college, less than 4-yr degree","$15,000 to $24,999",149462
01/01/2008 12:00:00 AM,65 to 80+,Female,"Some college, less than 4-yr degree","$25,000 to $34,999",73070
01/01/2008 12:00:00 AM,65 to 80+,Female,"Some college, less than 4-yr degree","$35,000 to $49,999",48577
01/01/2008 12:00:00 AM,65 to 80+,Female,"Some college, less than 4-yr degree","$50,000 to $74,999",27158
01/01/2008 12:00:00 AM,65 to 80+,Female,"Some college, less than 4-yr degree","$75,000 and over",35445
01/01/2008 12:00:00 AM,65 to 80+,Female,Bachelor's degree or higher,No Income,12915
01/01/2008 12:00:00 AM,65 to 80+,Female,Bachelor's degree or higher,"$5,000 to $9,999",50596
01/01/2008 12:00:00 AM,65 to 80+,Female,Bachelor's degree or higher,"$10,000 to $14,999",54641
01/01/2008 12:00:00 AM,65 to 80+,Female,Bachelor's degree or higher,"$15,000 to $24,999",42390
01/01/2008 12:00:00 AM,65 to 80+,Female,Bachelor's degree or higher,"$25,000 to $34,999",42705
01/01/2008 12:00:00 AM,65 to 80+,Female,Bachelor's degree or higher,"$35,000 to $49,999",75697
01/01/2008 12:00:00 AM,65 to 80+,Female,Bachelor's degree or higher,"$50,000 to $74,999",64954
01/01/2008 12:00:00 AM,65 to 80+,Female,Bachelor's degree or higher,"$75,000 and over",60942
01/01/2009 12:00:00 AM,00 to 17,Male,Children under 15,No Income,
01/01/2009 12:00:00 AM,00 to 17,Male,No high school diploma,No Income,629969
01/01/2009 12:00:00 AM,00 to 17,Male,No high school diploma,"$5,000 to $9,999",41863
01/01/2009 12:00:00 AM,00 to 17,Male,No high school diploma,"$10,000 to $14,999",7651
01/01/2009 12:00:00 AM,00 to 17,Male,No high school diploma,"$15,000 to $24,999",3222
01/01/2009 12:00:00 AM,00 to 17,Male,No high school diploma,"$25,000 to $34,999",1829
01/01/2009 12:00:00 AM,00 to 17,Male,High school or equivalent,No Income,
01/01/2009 12:00:00 AM,00 to 17,Male,High school or equivalent,"$5,000 to $9,999",1185
01/01/2009 12:00:00 AM,00 to 17,Male,High school or equivalent,"$15,000 to $24,999",2520
01/01/2009 12:00:00 AM,00 to 17,Male,"Some college, less than 4-yr degree",No Income,2887
01/01/2009 12:00:00 AM,00 to 17,Male,"Some college, less than 4-yr degree","$5,000 to $9,999",1117
01/01/2009 12:00:00 AM,00 to 17,Male,"Some college, less than 4-yr degree","$10,000 to $14,999",1878
01/01/2009 12:00:00 AM,00 to 17,Male,"Some college, less than 4-yr degree","$15,000 to $24,999",2754
01/01/2009 12:00:00 AM,00 to 17,Male,Bachelor's degree or higher,No Income,
01/01/2009 12:00:00 AM,00 to 17,Female,Children under 15,No Income,
01/01/2009 12:00:00 AM,00 to 17,Female,No high school diploma,No Income,648149
01/01/2009 12:00:00 AM,00 to 17,Female,No high school diploma,"$5,000 to $9,999",29280
01/01/2009 12:00:00 AM,00 to 17,Female,No high school diploma,"$10,000 to $14,999",11341
01/01/2009 12:00:00 AM,00 to 17,Female,No high school diploma,"$35,000 to $49,999",1800
01/01/2009 12:00:00 AM,00 to 17,Female,No high school diploma,"$50,000 to $74,999",1797
01/01/2009 12:00:00 AM,00 to 17,Female,High school or equivalent,No Income,9209
01/01/2009 12:00:00 AM,00 to 17,Female,High school or equivalent,"$5,000 to $9,999",3169
01/01/2009 12:00:00 AM,00 to 17,Female,High school or equivalent,"$15,000 to $24,999",1294
01/01/2009 12:00:00 AM,00 to 17,Female,"Some college, less than 4-yr degree",No Income,4408
01/01/2009 12:00:00 AM,00 to 17,Female,"Some college, less than 4-yr degree","$15,000 to $24,999",1780
01/01/2009 12:00:00 AM,18 to 64,Male,No high school diploma,No Income,280947
01/01/2009 12:00:00 AM,18 to 64,Male,No high school diploma,"$5,000 to $9,999",229865
01/01/2009 12:00:00 AM,18 to 64,Male,No high school diploma,"$10,000 to $14,999",278224
01/01/2009 12:00:00 AM,18 to 64,Male,No high school diploma,"$15,000 to $24,999",534542
01/01/2009 12:00:00 AM,18 to 64,Male,No high school diploma,"$25,000 to $34,999",307653
01/01/2009 12:00:00 AM,18 to 64,Male,No high school diploma,"$35,000 to $49,999",247159
01/01/2009 12:00:00 AM,18 to 64,Male,No high school diploma,"$50,000 to $74,999",79922
01/01/2009 12:00:00 AM,18 to 64,Male,No high school diploma,"$75,000 and over",48803
01/01/2009 12:00:00 AM,18 to 64,Male,High school or equivalent,No Income,296927
01/01/2009 12:00:00 AM,18 to 64,Male,High school or equivalent,"$5,000 to $9,999",216871
01/01/2009 12:00:00 AM,18 to 64,Male,High school or equivalent,"$10,000 to $14,999",213345
01/01/2009 12:00:00 AM,18 to 64,Male,High school or equivalent,"$15,000 to $24,999",503750
01/01/2009 12:00:00 AM,18 to 64,Male,High school or equivalent,"$25,000 to $34,999",440200
01/01/2009 12:00:00 AM,18 to 64,Male,High school or equivalent,"$35,000 to $49,999",481130
01/01/2009 12:00:00 AM,18 to 64,Male,High school or equivalent,"$50,000 to $74,999",350784
01/01/2009 12:00:00 AM,18 to 64,Male,High school or equivalent,"$75,000 and over",190948
01/01/2009 12:00:00 AM,18 to 64,Male,"Some college, less than 4-yr degree",No Income,212039
01/01/2009 12:00:00 AM,18 to 64,Male,"Some college, less than 4-yr degree","$5,000 to $9,999",235730
01/01/2009 12:00:00 AM,18 to 64,Male,"Some college, less than 4-yr degree","$10,000 to $14,999",288174
01/01/2009 12:00:00 AM,18 to 64,Male,"Some college, less than 4-yr degree","$15,000 to $24,999",392488
01/01/2009 12:00:00 AM,18 to 64,Male,"Some college, less than 4-yr degree","$25,000 to $34,999",375408
01/01/2009 12:00:00 AM,18 to 64,Male,"Some college, less than 4-yr degree","$35,000 to $49,999",486983
01/01/2009 12:00:00 AM,18 to 64,Male,"Some college, less than 4-yr degree","$50,000 to $74,999",584200
01/01/2009 12:00:00 AM,18 to 64,Male,"Some college, less than 4-yr degree","$75,000 and over",521502
01/01/2009 12:00:00 AM,18 to 64,Male,Bachelor's degree or higher,No Income,88688
01/01/2009 12:00:00 AM,18 to 64,Male,Bachelor's degree or higher,"$5,000 to $9,999",70367
01/01/2009 12:00:00 AM,18 to 64,Male,Bachelor's degree or higher,"$10,000 to $14,999",84122
01/01/2009 12:00:00 AM,18 to 64,Male,Bachelor's degree or higher,"$15,000 to $24,999",201713
01/01/2009 12:00:00 AM,18 to 64,Male,Bachelor's degree or higher,"$25,000 to $34,999",251200
01/01/2009 12:00:00 AM,18 to 64,Male,Bachelor's degree or higher,"$35,000 to $49,999",366170
01/01/2009 12:00:00 AM,18 to 64,Male,Bachelor's degree or higher,"$50,000 to $74,999",682775
01/01/2009 12:00:00 AM,18 to 64,Male,Bachelor's degree or higher,"$75,000 and over",1497839
01/01/2009 12:00:00 AM,18 to 64,Female,No high school diploma,No Income,654156
01/01/2009 12:00:00 AM,18 to 64,Female,No high school diploma,"$5,000 to $9,999",248027
01/01/2009 12:00:00 AM,18 to 64,Female,No high school diploma,"$10,000 to $14,999",255296
01/01/2009 12:00:00 AM,18 to 64,Female,No high school diploma,"$15,000 to $24,999",359624
01/01/2009 12:00:00 AM,18 to 64,Female,No high school diploma,"$25,000 to $34,999",86580
01/01/2009 12:00:00 AM,18 to 64,Female,No high school diploma,"$35,000 to $49,999",30741
01/01/2009 12:00:00 AM,18 to 64,Female,No high school diploma,"$50,000 to $74,999",24592
01/01/2009 12:00:00 AM,18 to 64,Female,No high school diploma,"$75,000 and over",10943
01/01/2009 12:00:00 AM,18 to 64,Female,High school or equivalent,No Income,519946
01/01/2009 12:00:00 AM,18 to 64,Female,High school or equivalent,"$5,000 to $9,999",234527
01/01/2009 12:00:00 AM,18 to 64,Female,High school or equivalent,"$10,000 to $14,999",221787
01/01/2009 12:00:00 AM,18 to 64,Female,High school or equivalent,"$15,000 to $24,999",450205
01/01/2009 12:00:00 AM,18 to 64,Female,High school or equivalent,"$25,000 to $34,999",318602
01/01/2009 12:00:00 AM,18 to 64,Female,High school or equivalent,"$35,000 to $49,999",234705
01/01/2009 12:00:00 AM,18 to 64,Female,High school or equivalent,"$50,000 to $74,999",134763
01/01/2009 12:00:00 AM,18 to 64,Female,High school or equivalent,"$75,000 and over",57292
01/01/2009 12:00:00 AM,18 to 64,Female,"Some college, less than 4-yr degree",No Income,387007
01/01/2009 12:00:00 AM,18 to 64,Female,"Some college, less than 4-yr degree","$5,000 to $9,999",345944
01/01/2009 12:00:00 AM,18 to 64,Female,"Some college, less than 4-yr degree","$10,000 to $14,999",370518
01/01/2009 12:00:00 AM,18 to 64,Female,"Some college, less than 4-yr degree","$15,000 to $24,999",647024
01/01/2009 12:00:00 AM,18 to 64,Female,"Some college, less than 4-yr degree","$25,000 to $34,999",454455
01/01/2009 12:00:00 AM,18 to 64,Female,"Some college, less than 4-yr degree","$35,000 to $49,999",459975
01/01/2009 12:00:00 AM,18 to 64,Female,"Some college, less than 4-yr degree","$50,000 to $74,999",347119
01/01/2009 12:00:00 AM,18 to 64,Female,"Some college, less than 4-yr degree","$75,000 and over",200198
01/01/2009 12:00:00 AM,18 to 64,Female,Bachelor's degree or higher,No Income,243154
01/01/2009 12:00:00 AM,18 to 64,Female,Bachelor's degree or higher,"$5,000 to $9,999",160748
01/01/2009 12:00:00 AM,18 to 64,Female,Bachelor's degree or higher,"$10,000 to $14,999",136360
01/01/2009 12:00:00 AM,18 to 64,Female,Bachelor's degree or higher,"$15,000 to $24,999",311511
01/01/2009 12:00:00 AM,18 to 64,Female,Bachelor's degree or higher,"$25,000 to $34,999",320129
01/01/2009 12:00:00 AM,18 to 64,Female,Bachelor's degree or higher,"$35,000 to $49,999",495664
01/01/2009 12:00:00 AM,18 to 64,Female,Bachelor's degree or higher,"$50,000 to $74,999",767013
01/01/2009 12:00:00 AM,18 to 64,Female,Bachelor's degree or higher,"$75,000 and over",682401
01/01/2009 12:00:00 AM,65 to 80+,Male,No high school diploma,No Income,18196
01/01/2009 12:00:00 AM,65 to 80+,Male,No high school diploma,"$5,000 to $9,999",71415
01/01/2009 12:00:00 AM,65 to 80+,Male,No high school diploma,"$10,000 to $14,999",98666
01/01/2009 12:00:00 AM,65 to 80+,Male,No high school diploma,"$15,000 to $24,999",72908
01/01/2009 12:00:00 AM,65 to 80+,Male,No high school diploma,"$25,000 to $34,999",41437
01/01/2009 12:00:00 AM,65 to 80+,Male,No high school diploma,"$35,000 to $49,999",24599
01/01/2009 12:00:00 AM,65 to 80+,Male,No high school diploma,"$50,000 to $74,999",18475
01/01/2009 12:00:00 AM,65 to 80+,Male,No high school diploma,"$75,000 and over",2915
01/01/2009 12:00:00 AM,65 to 80+,Male,High school or equivalent,No Income,11528
01/01/2009 12:00:00 AM,65 to 80+,Male,High school or equivalent,"$5,000 to $9,999",37770
01/01/2009 12:00:00 AM,65 to 80+,Male,High school or equivalent,"$10,000 to $14,999",71193
01/01/2009 12:00:00 AM,65 to 80+,Male,High school or equivalent,"$15,000 to $24,999",64082
01/01/2009 12:00:00 AM,65 to 80+,Male,High school or equivalent,"$25,000 to $34,999",50987
01/01/2009 12:00:00 AM,65 to 80+,Male,High school or equivalent,"$35,000 to $49,999",59302
01/01/2009 12:00:00 AM,65 to 80+,Male,High school or equivalent,"$50,000 to $74,999",35227
01/01/2009 12:00:00 AM,65 to 80+,Male,High school or equivalent,"$75,000 and over",23963
01/01/2009 12:00:00 AM,65 to 80+,Male,"Some college, less than 4-yr degree",No Income,17061
01/01/2009 12:00:00 AM,65 to 80+,Male,"Some college, less than 4-yr degree","$5,000 to $9,999",23224
01/01/2009 12:00:00 AM,65 to 80+,Male,"Some college, less than 4-yr degree","$10,000 to $14,999",30456
01/01/2009 12:00:00 AM,65 to 80+,Male,"Some college, less than 4-yr degree","$15,000 to $24,999",88779
01/01/2009 12:00:00 AM,65 to 80+,Male,"Some college, less than 4-yr degree","$25,000 to $34,999",55910
01/01/2009 12:00:00 AM,65 to 80+,Male,"Some college, less than 4-yr degree","$35,000 to $49,999",69546
01/01/2009 12:00:00 AM,65 to 80+,Male,"Some college, less than 4-yr degree","$50,000 to $74,999",39410
01/01/2009 12:00:00 AM,65 to 80+,Male,"Some college, less than 4-yr degree","$75,000 and over",58478
01/01/2009 12:00:00 AM,65 to 80+,Male,Bachelor's degree or higher,No Income,6660
01/01/2009 12:00:00 AM,65 to 80+,Male,Bachelor's degree or higher,"$5,000 to $9,999",34492
01/01/2009 12:00:00 AM,65 to 80+,Male,Bachelor's degree or higher,"$10,000 to $14,999",36484
01/01/2009 12:00:00 AM,65 to 80+,Male,Bachelor's degree or higher,"$15,000 to $24,999",52607
01/01/2009 12:00:00 AM,65 to 80+,Male,Bachelor's degree or higher,"$25,000 to $34,999",76215
01/01/2009 12:00:00 AM,65 to 80+,Male,Bachelor's degree or higher,"$35,000 to $49,999",77792
01/01/2009 12:00:00 AM,65 to 80+,Male,Bachelor's degree or higher,"$50,000 to $74,999",109490
01/01/2009 12:00:00 AM,65 to 80+,Male,Bachelor's degree or higher,"$75,000 and over",212440
01/01/2009 12:00:00 AM,65 to 80+,Female,No high school diploma,No Income,73024
01/01/2009 12:00:00 AM,65 to 80+,Female,No high school diploma,"$5,000 to $9,999",178289
01/01/2009 12:00:00 AM,65 to 80+,Female,No high school diploma,"$10,000 to $14,999",149933
01/01/2009 12:00:00 AM,65 to 80+,Female,No high school diploma,"$15,000 to $24,999",64958
01/01/2009 12:00:00 AM,65 to 80+,Female,No high school diploma,"$25,000 to $34,999",20186
01/01/2009 12:00:00 AM,65 to 80+,Female,No high school diploma,"$35,000 to $49,999",4060
01/01/2009 12:00:00 AM,65 to 80+,Female,No high school diploma,"$50,000 to $74,999",7703
01/01/2009 12:00:00 AM,65 to 80+,Female,No high school diploma,"$75,000 and over",1398
01/01/2009 12:00:00 AM,65 to 80+,Female,High school or equivalent,No Income,43907
01/01/2009 12:00:00 AM,65 to 80+,Female,High school or equivalent,"$5,000 to $9,999",116176
01/01/2009 12:00:00 AM,65 to 80+,Female,High school or equivalent,"$10,000 to $14,999",151357
01/01/2009 12:00:00 AM,65 to 80+,Female,High school or equivalent,"$15,000 to $24,999",152036
01/01/2009 12:00:00 AM,65 to 80+,Female,High school or equivalent,"$25,000 to $34,999",58811
01/01/2009 12:00:00 AM,65 to 80+,Female,High school or equivalent,"$35,000 to $49,999",27349
01/01/2009 12:00:00 AM,65 to 80+,Female,High school or equivalent,"$50,000 to $74,999",42710
01/01/2009 12:00:00 AM,65 to 80+,Female,High school or equivalent,"$75,000 and over",19659
01/01/2009 12:00:00 AM,65 to 80+,Female,"Some college, less than 4-yr degree",No Income,12106
01/01/2009 12:00:00 AM,65 to 80+,Female,"Some college, less than 4-yr degree","$5,000 to $9,999",75617
01/01/2009 12:00:00 AM,65 to 80+,Female,"Some college, less than 4-yr degree","$10,000 to $14,999",89119
01/01/2009 12:00:00 AM,65 to 80+,Female,"Some college, less than 4-yr degree","$15,000 to $24,999",140082
01/01/2009 12:00:00 AM,65 to 80+,Female,"Some college, less than 4-yr degree","$25,000 to $34,999",81764
01/01/2009 12:00:00 AM,65 to 80+,Female,"Some college, less than 4-yr degree","$35,000 to $49,999",59529
01/01/2009 12:00:00 AM,65 to 80+,Female,"Some college, less than 4-yr degree","$50,000 to $74,999",57036
01/01/2009 12:00:00 AM,65 to 80+,Female,"Some college, less than 4-yr degree","$75,000 and over",33358
01/01/2009 12:00:00 AM,65 to 80+,Female,Bachelor's degree or higher,No Income,10741
01/01/2009 12:00:00 AM,65 to 80+,Female,Bachelor's degree or higher,"$5,000 to $9,999",57811
01/01/2009 12:00:00 AM,65 to 80+,Female,Bachelor's degree or higher,"$10,000 to $14,999",70495
01/01/2009 12:00:00 AM,65 to 80+,Female,Bachelor's degree or higher,"$15,000 to $24,999",85667
01/01/2009 12:00:00 AM,65 to 80+,Female,Bachelor's degree or higher,"$25,000 to $34,999",58901
01/01/2009 12:00:00 AM,65 to 80+,Female,Bachelor's degree or higher,"$35,000 to $49,999",68234
01/01/2009 12:00:00 AM,65 to 80+,Female,Bachelor's degree or higher,"$50,000 to $74,999",61489
01/01/2009 12:00:00 AM,65 to 80+,Female,Bachelor's degree or higher,"$75,000 and over",57029
01/01/2010 12:00:00 AM,00 to 17,Male,Children under 15,No Income,
01/01/2010 12:00:00 AM,00 to 17,Male,No high school diploma,No Income,596761
01/01/2010 12:00:00 AM,00 to 17,Male,No high school diploma,"$5,000 to $9,999",21116
01/01/2010 12:00:00 AM,00 to 17,Male,No high school diploma,"$10,000 to $14,999",5345
01/01/2010 12:00:00 AM,00 to 17,Male,No high school diploma,"$15,000 to $24,999",9139
01/01/2010 12:00:00 AM,00 to 17,Male,No high school diploma,"$35,000 to $49,999",3642
01/01/2010 12:00:00 AM,00 to 17,Male,High school or equivalent,No Income,
01/01/2010 12:00:00 AM,00 to 17,Male,High school or equivalent,"$10,000 to $14,999",1817
01/01/2010 12:00:00 AM,00 to 17,Male,"Some college, less than 4-yr degree",No Income,
01/01/2010 12:00:00 AM,00 to 17,Male,"Some college, less than 4-yr degree","$5,000 to $9,999",2683
01/01/2010 12:00:00 AM,00 to 17,Male,"Some college, less than 4-yr degree","$15,000 to $24,999",1434
01/01/2010 12:00:00 AM,00 to 17,Male,"Some college, less than 4-yr degree","$25,000 to $34,999",1447
01/01/2010 12:00:00 AM,00 to 17,Male,Bachelor's degree or higher,No Income,
01/01/2010 12:00:00 AM,00 to 17,Male,Bachelor's degree or higher,"$75,000 and over",1192
01/01/2010 12:00:00 AM,00 to 17,Female,Children under 15,No Income,
01/01/2010 12:00:00 AM,00 to 17,Female,No high school diploma,No Income,610512
01/01/2010 12:00:00 AM,00 to 17,Female,No high school diploma,"$5,000 to $9,999",24781
01/01/2010 12:00:00 AM,00 to 17,Female,No high school diploma,"$10,000 to $14,999",6967
01/01/2010 12:00:00 AM,00 to 17,Female,No high school diploma,"$15,000 to $24,999",6386
01/01/2010 12:00:00 AM,00 to 17,Female,High school or equivalent,No Income,5811
01/01/2010 12:00:00 AM,00 to 17,Female,High school or equivalent,"$5,000 to $9,999",3641
01/01/2010 12:00:00 AM,00 to 17,Female,High school or equivalent,"$10,000 to $14,999",1660
01/01/2010 12:00:00 AM,00 to 17,Female,High school or equivalent,"$25,000 to $34,999",1048
01/01/2010 12:00:00 AM,00 to 17,Female,"Some college, less than 4-yr degree","$15,000 to $24,999",
01/01/2010 12:00:00 AM,00 to 17,Female,Bachelor's degree or higher,No Income,2879
01/01/2010 12:00:00 AM,18 to 64,Male,No high school diploma,No Income,369566
01/01/2010 12:00:00 AM,18 to 64,Male,No high school diploma,"$5,000 to $9,999",226209
01/01/2010 12:00:00 AM,18 to 64,Male,No high school diploma,"$10,000 to $14,999",295536
01/01/2010 12:00:00 AM,18 to 64,Male,No high school diploma,"$15,000 to $24,999",535027
01/01/2010 12:00:00 AM,18 to 64,Male,No high school diploma,"$25,000 to $34,999",244978
01/01/2010 12:00:00 AM,18 to 64,Male,No high school diploma,"$35,000 to $49,999",192622
01/01/2010 12:00:00 AM,18 to 64,Male,No high school diploma,"$50,000 to $74,999",93885
01/01/2010 12:00:00 AM,18 to 64,Male,No high school diploma,"$75,000 and over",38266
01/01/2010 12:00:00 AM,18 to 64,Male,High school or equivalent,No Income,345253
01/01/2010 12:00:00 AM,18 to 64,Male,High school or equivalent,"$5,000 to $9,999",190829
01/01/2010 12:00:00 AM,18 to 64,Male,High school or equivalent,"$10,000 to $14,999",209509
01/01/2010 12:00:00 AM,18 to 64,Male,High school or equivalent,"$15,000 to $24,999",533513
01/01/2010 12:00:00 AM,18 to 64,Male,High school or equivalent,"$25,000 to $34,999",412122
01/01/2010 12:00:00 AM,18 to 64,Male,High school or equivalent,"$35,000 to $49,999",470369
01/01/2010 12:00:00 AM,18 to 64,Male,High school or equivalent,"$50,000 to $74,999",339017
01/01/2010 12:00:00 AM,18 to 64,Male,High school or equivalent,"$75,000 and over",215851
01/01/2010 12:00:00 AM,18 to 64,Male,"Some college, less than 4-yr degree",No Income,310460
01/01/2010 12:00:00 AM,18 to 64,Male,"Some college, less than 4-yr degree","$5,000 to $9,999",220408
01/01/2010 12:00:00 AM,18 to 64,Male,"Some college, less than 4-yr degree","$10,000 to $14,999",234677
01/01/2010 12:00:00 AM,18 to 64,Male,"Some college, less than 4-yr degree","$15,000 to $24,999",356706
01/01/2010 12:00:00 AM,18 to 64,Male,"Some college, less than 4-yr degree","$25,000 to $34,999",374227
01/01/2010 12:00:00 AM,18 to 64,Male,"Some college, less than 4-yr degree","$35,000 to $49,999",474116
01/01/2010 12:00:00 AM,18 to 64,Male,"Some college, less than 4-yr degree","$50,000 to $74,999",581119
01/01/2010 12:00:00 AM,18 to 64,Male,"Some college, less than 4-yr degree","$75,000 and over",441967
01/01/2010 12:00:00 AM,18 to 64,Male,Bachelor's degree or higher,No Income,108052
01/01/2010 12:00:00 AM,18 to 64,Male,Bachelor's degree or higher,"$5,000 to $9,999",79453
01/01/2010 12:00:00 AM,18 to 64,Male,Bachelor's degree or higher,"$10,000 to $14,999",127848
01/01/2010 12:00:00 AM,18 to 64,Male,Bachelor's degree or higher,"$15,000 to $24,999",234951
01/01/2010 12:00:00 AM,18 to 64,Male,Bachelor's degree or higher,"$25,000 to $34,999",239971
01/01/2010 12:00:00 AM,18 to 64,Male,Bachelor's degree or higher,"$35,000 to $49,999",408505
01/01/2010 12:00:00 AM,18 to 64,Male,Bachelor's degree or higher,"$50,000 to $74,999",624308
01/01/2010 12:00:00 AM,18 to 64,Male,Bachelor's degree or higher,"$75,000 and over",1424758
01/01/2010 12:00:00 AM,18 to 64,Female,No high school diploma,No Income,666858
01/01/2010 12:00:00 AM,18 to 64,Female,No high school diploma,"$5,000 to $9,999",236424
01/01/2010 12:00:00 AM,18 to 64,Female,No high school diploma,"$10,000 to $14,999",253247
01/01/2010 12:00:00 AM,18 to 64,Female,No high school diploma,"$15,000 to $24,999",287963
01/01/2010 12:00:00 AM,18 to 64,Female,No high school diploma,"$25,000 to $34,999",107504
01/01/2010 12:00:00 AM,18 to 64,Female,No high school diploma,"$35,000 to $49,999",35129
01/01/2010 12:00:00 AM,18 to 64,Female,No high school diploma,"$50,000 to $74,999",18515
01/01/2010 12:00:00 AM,18 to 64,Female,No high school diploma,"$75,000 and over",15038
01/01/2010 12:00:00 AM,18 to 64,Female,High school or equivalent,No Income,496567
01/01/2010 12:00:00 AM,18 to 64,Female,High school or equivalent,"$5,000 to $9,999",252271
01/01/2010 12:00:00 AM,18 to 64,Female,High school or equivalent,"$10,000 to $14,999",276576
01/01/2010 12:00:00 AM,18 to 64,Female,High school or equivalent,"$15,000 to $24,999",436288
01/01/2010 12:00:00 AM,18 to 64,Female,High school or equivalent,"$25,000 to $34,999",363540
01/01/2010 12:00:00 AM,18 to 64,Female,High school or equivalent,"$35,000 to $49,999",225261
01/01/2010 12:00:00 AM,18 to 64,Female,High school or equivalent,"$50,000 to $74,999",136694
01/01/2010 12:00:00 AM,18 to 64,Female,High school or equivalent,"$75,000 and over",43721
01/01/2010 12:00:00 AM,18 to 64,Female,"Some college, less than 4-yr degree",No Income,443607
01/01/2010 12:00:00 AM,18 to 64,Female,"Some college, less than 4-yr degree","$5,000 to $9,999",374128
01/01/2010 12:00:00 AM,18 to 64,Female,"Some college, less than 4-yr degree","$10,000 to $14,999",386929
01/01/2010 12:00:00 AM,18 to 64,Female,"Some college, less than 4-yr degree","$15,000 to $24,999",567753
01/01/2010 12:00:00 AM,18 to 64,Female,"Some college, less than 4-yr degree","$25,000 to $34,999",491109
01/01/2010 12:00:00 AM,18 to 64,Female,"Some college, less than 4-yr degree","$35,000 to $49,999",442917
01/01/2010 12:00:00 AM,18 to 64,Female,"Some college, less than 4-yr degree","$50,000 to $74,999",321434
01/01/2010 12:00:00 AM,18 to 64,Female,"Some college, less than 4-yr degree","$75,000 and over",184398
01/01/2010 12:00:00 AM,18 to 64,Female,Bachelor's degree or higher,No Income,269680
01/01/2010 12:00:00 AM,18 to 64,Female,Bachelor's degree or higher,"$5,000 to $9,999",168951
01/01/2010 12:00:00 AM,18 to 64,Female,Bachelor's degree or higher,"$10,000 to $14,999",133220
01/01/2010 12:00:00 AM,18 to 64,Female,Bachelor's degree or higher,"$15,000 to $24,999",325516
01/01/2010 12:00:00 AM,18 to 64,Female,Bachelor's degree or higher,"$25,000 to $34,999",305706
01/01/2010 12:00:00 AM,18 to 64,Female,Bachelor's degree or higher,"$35,000 to $49,999",516029
01/01/2010 12:00:00 AM,18 to 64,Female,Bachelor's degree or higher,"$50,000 to $74,999",687153
01/01/2010 12:00:00 AM,18 to 64,Female,Bachelor's degree or higher,"$75,000 and over",755781
01/01/2010 12:00:00 AM,65 to 80+,Male,No high school diploma,No Income,18733
01/01/2010 12:00:00 AM,65 to 80+,Male,No high school diploma,"$5,000 to $9,999",75130
01/01/2010 12:00:00 AM,65 to 80+,Male,No high school diploma,"$10,000 to $14,999",81385
01/01/2010 12:00:00 AM,65 to 80+,Male,No high school diploma,"$15,000 to $24,999",81088
01/01/2010 12:00:00 AM,65 to 80+,Male,No high school diploma,"$25,000 to $34,999",28729
01/01/2010 12:00:00 AM,65 to 80+,Male,No high school diploma,"$35,000 to $49,999",27814
01/01/2010 12:00:00 AM,65 to 80+,Male,No high school diploma,"$50,000 to $74,999",13619
01/01/2010 12:00:00 AM,65 to 80+,Male,No high school diploma,"$75,000 and over",8432
01/01/2010 12:00:00 AM,65 to 80+,Male,High school or equivalent,No Income,24958
01/01/2010 12:00:00 AM,65 to 80+,Male,High school or equivalent,"$5,000 to $9,999",30722
01/01/2010 12:00:00 AM,65 to 80+,Male,High school or equivalent,"$10,000 to $14,999",67289
01/01/2010 12:00:00 AM,65 to 80+,Male,High school or equivalent,"$15,000 to $24,999",79553
01/01/2010 12:00:00 AM,65 to 80+,Male,High school or equivalent,"$25,000 to $34,999",62167
01/01/2010 12:00:00 AM,65 to 80+,Male,High school or equivalent,"$35,000 to $49,999",38792
01/01/2010 12:00:00 AM,65 to 80+,Male,High school or equivalent,"$50,000 to $74,999",51319
01/01/2010 12:00:00 AM,65 to 80+,Male,High school or equivalent,"$75,000 and over",20167
01/01/2010 12:00:00 AM,65 to 80+,Male,"Some college, less than 4-yr degree",No Income,9228
01/01/2010 12:00:00 AM,65 to 80+,Male,"Some college, less than 4-yr degree","$5,000 to $9,999",23578
01/01/2010 12:00:00 AM,65 to 80+,Male,"Some college, less than 4-yr degree","$10,000 to $14,999",60002
01/01/2010 12:00:00 AM,65 to 80+,Male,"Some college, less than 4-yr degree","$15,000 to $24,999",98499
01/01/2010 12:00:00 AM,65 to 80+,Male,"Some college, less than 4-yr degree","$25,000 to $34,999",73522
01/01/2010 12:00:00 AM,65 to 80+,Male,"Some college, less than 4-yr degree","$35,000 to $49,999",46221
01/01/2010 12:00:00 AM,65 to 80+,Male,"Some college, less than 4-yr degree","$50,000 to $74,999",39453
01/01/2010 12:00:00 AM,65 to 80+,Male,"Some college, less than 4-yr degree","$75,000 and over",51157
01/01/2010 12:00:00 AM,65 to 80+,Male,Bachelor's degree or higher,No Income,14892
01/01/2010 12:00:00 AM,65 to 80+,Male,Bachelor's degree or higher,"$5,000 to $9,999",28867
01/01/2010 12:00:00 AM,65 to 80+,Male,Bachelor's degree or higher,"$10,000 to $14,999",45842
01/01/2010 12:00:00 AM,65 to 80+,Male,Bachelor's degree or higher,"$15,000 to $24,999",111055
01/01/2010 12:00:00 AM,65 to 80+,Male,Bachelor's degree or higher,"$25,000 to $34,999",85110
01/01/2010 12:00:00 AM,65 to 80+,Male,Bachelor's degree or higher,"$35,000 to $49,999",64614
01/01/2010 12:00:00 AM,65 to 80+,Male,Bachelor's degree or higher,"$50,000 to $74,999",103469
01/01/2010 12:00:00 AM,65 to 80+,Male,Bachelor's degree or higher,"$75,000 and over",192339
01/01/2010 12:00:00 AM,65 to 80+,Female,No high school diploma,No Income,72036
01/01/2010 12:00:00 AM,65 to 80+,Female,No high school diploma,"$5,000 to $9,999",136110
01/01/2010 12:00:00 AM,65 to 80+,Female,No high school diploma,"$10,000 to $14,999",146005
01/01/2010 12:00:00 AM,65 to 80+,Female,No high school diploma,"$15,000 to $24,999",57098
01/01/2010 12:00:00 AM,65 to 80+,Female,No high school diploma,"$25,000 to $34,999",11302
01/01/2010 12:00:00 AM,65 to 80+,Female,No high school diploma,"$35,000 to $49,999",8907
01/01/2010 12:00:00 AM,65 to 80+,Female,No high school diploma,"$50,000 to $74,999",8606
01/01/2010 12:00:00 AM,65 to 80+,Female,No high school diploma,"$75,000 and over",4876
01/01/2010 12:00:00 AM,65 to 80+,Female,High school or equivalent,No Income,38084
01/01/2011 12:00:00 AM,00 to 17,Female,Children under 15,No Income,
01/01/2010 12:00:00 AM,65 to 80+,Female,High school or equivalent,"$5,000 to $9,999",138923
01/01/2010 12:00:00 AM,65 to 80+,Female,High school or equivalent,"$10,000 to $14,999",141254
01/01/2010 12:00:00 AM,65 to 80+,Female,High school or equivalent,"$15,000 to $24,999",138952
01/01/2010 12:00:00 AM,65 to 80+,Female,High school or equivalent,"$25,000 to $34,999",58847
01/01/2010 12:00:00 AM,65 to 80+,Female,High school or equivalent,"$35,000 to $49,999",40875
01/01/2010 12:00:00 AM,65 to 80+,Female,High school or equivalent,"$50,000 to $74,999",35909
01/01/2010 12:00:00 AM,65 to 80+,Female,High school or equivalent,"$75,000 and over",22945
01/01/2010 12:00:00 AM,65 to 80+,Female,"Some college, less than 4-yr degree",No Income,25882
01/01/2010 12:00:00 AM,65 to 80+,Female,"Some college, less than 4-yr degree","$5,000 to $9,999",104478
01/01/2010 12:00:00 AM,65 to 80+,Female,"Some college, less than 4-yr degree","$10,000 to $14,999",90675
01/01/2010 12:00:00 AM,65 to 80+,Female,"Some college, less than 4-yr degree","$15,000 to $24,999",152795
01/01/2010 12:00:00 AM,65 to 80+,Female,"Some college, less than 4-yr degree","$25,000 to $34,999",73450
01/01/2010 12:00:00 AM,65 to 80+,Female,"Some college, less than 4-yr degree","$35,000 to $49,999",55103
01/01/2010 12:00:00 AM,65 to 80+,Female,"Some college, less than 4-yr degree","$50,000 to $74,999",41076
01/01/2010 12:00:00 AM,65 to 80+,Female,"Some college, less than 4-yr degree","$75,000 and over",30088
01/01/2010 12:00:00 AM,65 to 80+,Female,Bachelor's degree or higher,No Income,28702
01/01/2010 12:00:00 AM,65 to 80+,Female,Bachelor's degree or higher,"$5,000 to $9,999",75754
01/01/2010 12:00:00 AM,65 to 80+,Female,Bachelor's degree or higher,"$10,000 to $14,999",82404
01/01/2010 12:00:00 AM,65 to 80+,Female,Bachelor's degree or higher,"$15,000 to $24,999",107427
01/01/2010 12:00:00 AM,65 to 80+,Female,Bachelor's degree or higher,"$25,000 to $34,999",65563
01/01/2010 12:00:00 AM,65 to 80+,Female,Bachelor's degree or higher,"$35,000 to $49,999",76520
01/01/2010 12:00:00 AM,65 to 80+,Female,Bachelor's degree or higher,"$50,000 to $74,999",78561
01/01/2010 12:00:00 AM,65 to 80+,Female,Bachelor's degree or higher,"$75,000 and over",73833
01/01/2011 12:00:00 AM,00 to 17,Male,Children under 15,No Income,
01/01/2011 12:00:00 AM,00 to 17,Male,No high school diploma,No Income,679824
01/01/2011 12:00:00 AM,00 to 17,Male,No high school diploma,"$5,000 to $9,999",22729
01/01/2011 12:00:00 AM,00 to 17,Male,No high school diploma,"$10,000 to $14,999",9049
01/01/2011 12:00:00 AM,00 to 17,Male,No high school diploma,"$15,000 to $24,999",10327
01/01/2011 12:00:00 AM,00 to 17,Male,No high school diploma,"$25,000 to $34,999",3220
01/01/2011 12:00:00 AM,00 to 17,Male,No high school diploma,"$35,000 to $49,999",1647
01/01/2011 12:00:00 AM,00 to 17,Male,High school or equivalent,No Income,5434
01/01/2011 12:00:00 AM,00 to 17,Male,High school or equivalent,"$10,000 to $14,999",1328
01/01/2011 12:00:00 AM,00 to 17,Male,High school or equivalent,"$15,000 to $24,999",1312
01/01/2011 12:00:00 AM,00 to 17,Male,"Some college, less than 4-yr degree",No Income,4421
01/01/2011 12:00:00 AM,00 to 17,Male,"Some college, less than 4-yr degree","$5,000 to $9,999",1324
01/01/2011 12:00:00 AM,00 to 17,Male,"Some college, less than 4-yr degree","$25,000 to $34,999",1209
01/01/2011 12:00:00 AM,00 to 17,Male,"Some college, less than 4-yr degree","$75,000 and over",1618
01/01/2011 12:00:00 AM,00 to 17,Male,Bachelor's degree or higher,No Income,
01/01/2011 12:00:00 AM,00 to 17,Male,Bachelor's degree or higher,"$10,000 to $14,999",2394
01/01/2011 12:00:00 AM,00 to 17,Female,No high school diploma,No Income,634048
01/01/2011 12:00:00 AM,00 to 17,Female,No high school diploma,"$5,000 to $9,999",25907
01/01/2011 12:00:00 AM,00 to 17,Female,No high school diploma,"$10,000 to $14,999",13283
01/01/2011 12:00:00 AM,00 to 17,Female,High school or equivalent,No Income,6903
01/01/2011 12:00:00 AM,00 to 17,Female,High school or equivalent,"$10,000 to $14,999",2561
01/01/2011 12:00:00 AM,00 to 17,Female,"Some college, less than 4-yr degree",No Income,4089
01/01/2011 12:00:00 AM,00 to 17,Female,"Some college, less than 4-yr degree","$5,000 to $9,999",4503
01/01/2011 12:00:00 AM,00 to 17,Female,"Some college, less than 4-yr degree","$50,000 to $74,999",1614
01/01/2011 12:00:00 AM,00 to 17,Female,Bachelor's degree or higher,No Income,
01/01/2011 12:00:00 AM,00 to 17,Female,Bachelor's degree or higher,"$15,000 to $24,999",2859
01/01/2011 12:00:00 AM,18 to 64,Male,No high school diploma,No Income,359401
01/01/2011 12:00:00 AM,18 to 64,Male,No high school diploma,"$5,000 to $9,999",177781
01/01/2011 12:00:00 AM,18 to 64,Male,No high school diploma,"$10,000 to $14,999",288850
01/01/2011 12:00:00 AM,18 to 64,Male,No high school diploma,"$15,000 to $24,999",546856
01/01/2011 12:00:00 AM,18 to 64,Male,No high school diploma,"$25,000 to $34,999",295383
01/01/2011 12:00:00 AM,18 to 64,Male,No high school diploma,"$35,000 to $49,999",175841
01/01/2011 12:00:00 AM,18 to 64,Male,No high school diploma,"$50,000 to $74,999",100776
01/01/2011 12:00:00 AM,18 to 64,Male,No high school diploma,"$75,000 and over",38335
01/01/2011 12:00:00 AM,18 to 64,Male,High school or equivalent,No Income,450644
01/01/2011 12:00:00 AM,18 to 64,Male,High school or equivalent,"$5,000 to $9,999",179616
01/01/2011 12:00:00 AM,18 to 64,Male,High school or equivalent,"$10,000 to $14,999",264534
01/01/2011 12:00:00 AM,18 to 64,Male,High school or equivalent,"$15,000 to $24,999",519889
01/01/2011 12:00:00 AM,18 to 64,Male,High school or equivalent,"$25,000 to $34,999",422294
01/01/2011 12:00:00 AM,18 to 64,Male,High school or equivalent,"$35,000 to $49,999",477882
01/01/2011 12:00:00 AM,18 to 64,Male,High school or equivalent,"$50,000 to $74,999",387890
01/01/2011 12:00:00 AM,18 to 64,Male,High school or equivalent,"$75,000 and over",188373
01/01/2011 12:00:00 AM,18 to 64,Male,"Some college, less than 4-yr degree",No Income,331991
01/01/2011 12:00:00 AM,18 to 64,Male,"Some college, less than 4-yr degree","$5,000 to $9,999",231167
01/01/2011 12:00:00 AM,18 to 64,Male,"Some college, less than 4-yr degree","$10,000 to $14,999",288293
01/01/2011 12:00:00 AM,18 to 64,Male,"Some college, less than 4-yr degree","$15,000 to $24,999",412679
01/01/2011 12:00:00 AM,18 to 64,Male,"Some college, less than 4-yr degree","$25,000 to $34,999",353200
01/01/2011 12:00:00 AM,18 to 64,Male,"Some college, less than 4-yr degree","$35,000 to $49,999",480546
01/01/2011 12:00:00 AM,18 to 64,Male,"Some college, less than 4-yr degree","$50,000 to $74,999",489968
01/01/2011 12:00:00 AM,18 to 64,Male,"Some college, less than 4-yr degree","$75,000 and over",462728
01/01/2011 12:00:00 AM,18 to 64,Male,Bachelor's degree or higher,No Income,113687
01/01/2011 12:00:00 AM,18 to 64,Male,Bachelor's degree or higher,"$5,000 to $9,999",97326
01/01/2011 12:00:00 AM,18 to 64,Male,Bachelor's degree or higher,"$10,000 to $14,999",126768
01/01/2011 12:00:00 AM,18 to 64,Male,Bachelor's degree or higher,"$15,000 to $24,999",230412
01/01/2011 12:00:00 AM,18 to 64,Male,Bachelor's degree or higher,"$25,000 to $34,999",248724
01/01/2011 12:00:00 AM,18 to 64,Male,Bachelor's degree or higher,"$35,000 to $49,999",331666
01/01/2011 12:00:00 AM,18 to 64,Male,Bachelor's degree or higher,"$50,000 to $74,999",644826
01/01/2011 12:00:00 AM,18 to 64,Male,Bachelor's degree or higher,"$75,000 and over",1396795
01/01/2011 12:00:00 AM,18 to 64,Female,No high school diploma,No Income,748885
01/01/2011 12:00:00 AM,18 to 64,Female,No high school diploma,"$5,000 to $9,999",246973
01/01/2011 12:00:00 AM,18 to 64,Female,No high school diploma,"$10,000 to $14,999",273029
01/01/2011 12:00:00 AM,18 to 64,Female,No high school diploma,"$15,000 to $24,999",301428
01/01/2011 12:00:00 AM,18 to 64,Female,No high school diploma,"$25,000 to $34,999",91755
01/01/2011 12:00:00 AM,18 to 64,Female,No high school diploma,"$35,000 to $49,999",57985
01/01/2011 12:00:00 AM,18 to 64,Female,No high school diploma,"$50,000 to $74,999",18925
01/01/2011 12:00:00 AM,18 to 64,Female,No high school diploma,"$75,000 and over",7168
01/01/2011 12:00:00 AM,18 to 64,Female,High school or equivalent,No Income,575559
01/01/2011 12:00:00 AM,18 to 64,Female,High school or equivalent,"$5,000 to $9,999",291364
01/01/2011 12:00:00 AM,18 to 64,Female,High school or equivalent,"$10,000 to $14,999",305265
01/01/2011 12:00:00 AM,18 to 64,Female,High school or equivalent,"$15,000 to $24,999",425683
01/01/2011 12:00:00 AM,18 to 64,Female,High school or equivalent,"$25,000 to $34,999",323001
01/01/2011 12:00:00 AM,18 to 64,Female,High school or equivalent,"$35,000 to $49,999",311597
01/01/2011 12:00:00 AM,18 to 64,Female,High school or equivalent,"$50,000 to $74,999",139946
01/01/2011 12:00:00 AM,18 to 64,Female,High school or equivalent,"$75,000 and over",51155
01/01/2011 12:00:00 AM,18 to 64,Female,"Some college, less than 4-yr degree",No Income,525597
01/01/2011 12:00:00 AM,18 to 64,Female,"Some college, less than 4-yr degree","$5,000 to $9,999",367713
01/01/2011 12:00:00 AM,18 to 64,Female,"Some college, less than 4-yr degree","$10,000 to $14,999",368797
01/01/2011 12:00:00 AM,18 to 64,Female,"Some college, less than 4-yr degree","$15,000 to $24,999",542492
01/01/2011 12:00:00 AM,18 to 64,Female,"Some college, less than 4-yr degree","$25,000 to $34,999",460822
01/01/2011 12:00:00 AM,18 to 64,Female,"Some college, less than 4-yr degree","$35,000 to $49,999",427109
01/01/2011 12:00:00 AM,18 to 64,Female,"Some college, less than 4-yr degree","$50,000 to $74,999",323702
01/01/2011 12:00:00 AM,18 to 64,Female,"Some college, less than 4-yr degree","$75,000 and over",194826
01/01/2011 12:00:00 AM,18 to 64,Female,Bachelor's degree or higher,No Income,266304
01/01/2011 12:00:00 AM,18 to 64,Female,Bachelor's degree or higher,"$5,000 to $9,999",121211
01/01/2011 12:00:00 AM,18 to 64,Female,Bachelor's degree or higher,"$10,000 to $14,999",170533
01/01/2011 12:00:00 AM,18 to 64,Female,Bachelor's degree or higher,"$15,000 to $24,999",314317
01/01/2011 12:00:00 AM,18 to 64,Female,Bachelor's degree or higher,"$25,000 to $34,999",286343
01/01/2011 12:00:00 AM,18 to 64,Female,Bachelor's degree or higher,"$35,000 to $49,999",483781
01/01/2011 12:00:00 AM,18 to 64,Female,Bachelor's degree or higher,"$50,000 to $74,999",676522
01/01/2011 12:00:00 AM,18 to 64,Female,Bachelor's degree or higher,"$75,000 and over",777479
01/01/2011 12:00:00 AM,65 to 80+,Male,No high school diploma,No Income,27629
01/01/2011 12:00:00 AM,65 to 80+,Male,No high school diploma,"$5,000 to $9,999",63343
01/01/2011 12:00:00 AM,65 to 80+,Male,No high school diploma,"$10,000 to $14,999",86809
01/01/2011 12:00:00 AM,65 to 80+,Male,No high school diploma,"$15,000 to $24,999",80402
01/01/2011 12:00:00 AM,65 to 80+,Male,No high school diploma,"$25,000 to $34,999",21236
01/01/2011 12:00:00 AM,65 to 80+,Male,No high school diploma,"$35,000 to $49,999",20806
01/01/2011 12:00:00 AM,65 to 80+,Male,No high school diploma,"$50,000 to $74,999",5966
01/01/2011 12:00:00 AM,65 to 80+,Male,No high school diploma,"$75,000 and over",1686
01/01/2011 12:00:00 AM,65 to 80+,Male,High school or equivalent,No Income,25812
01/01/2011 12:00:00 AM,65 to 80+,Male,High school or equivalent,"$5,000 to $9,999",16777
01/01/2011 12:00:00 AM,65 to 80+,Male,High school or equivalent,"$10,000 to $14,999",82082
01/01/2011 12:00:00 AM,65 to 80+,Male,High school or equivalent,"$15,000 to $24,999",107748
01/01/2011 12:00:00 AM,65 to 80+,Male,High school or equivalent,"$25,000 to $34,999",64250
01/01/2011 12:00:00 AM,65 to 80+,Male,High school or equivalent,"$35,000 to $49,999",34214
01/01/2011 12:00:00 AM,65 to 80+,Male,High school or equivalent,"$50,000 to $74,999",38236
01/01/2011 12:00:00 AM,65 to 80+,Male,High school or equivalent,"$75,000 and over",9363
01/01/2011 12:00:00 AM,65 to 80+,Male,"Some college, less than 4-yr degree",No Income,15250
01/01/2011 12:00:00 AM,65 to 80+,Male,"Some college, less than 4-yr degree","$5,000 to $9,999",37367
01/01/2011 12:00:00 AM,65 to 80+,Male,"Some college, less than 4-yr degree","$10,000 to $14,999",66646
01/01/2011 12:00:00 AM,65 to 80+,Male,"Some college, less than 4-yr degree","$15,000 to $24,999",100794
01/01/2011 12:00:00 AM,65 to 80+,Male,"Some college, less than 4-yr degree","$25,000 to $34,999",71541
01/01/2011 12:00:00 AM,65 to 80+,Male,"Some college, less than 4-yr degree","$35,000 to $49,999",54755
01/01/2011 12:00:00 AM,65 to 80+,Male,"Some college, less than 4-yr degree","$50,000 to $74,999",53447
01/01/2011 12:00:00 AM,65 to 80+,Male,"Some college, less than 4-yr degree","$75,000 and over",64832
01/01/2011 12:00:00 AM,65 to 80+,Male,Bachelor's degree or higher,No Income,21851
01/01/2011 12:00:00 AM,65 to 80+,Male,Bachelor's degree or higher,"$5,000 to $9,999",28190
01/01/2011 12:00:00 AM,65 to 80+,Male,Bachelor's degree or higher,"$10,000 to $14,999",47668
01/01/2011 12:00:00 AM,65 to 80+,Male,Bachelor's degree or higher,"$15,000 to $24,999",106705
01/01/2011 12:00:00 AM,65 to 80+,Male,Bachelor's degree or higher,"$25,000 to $34,999",92725
01/01/2011 12:00:00 AM,65 to 80+,Male,Bachelor's degree or higher,"$35,000 to $49,999",87337
01/01/2011 12:00:00 AM,65 to 80+,Male,Bachelor's degree or higher,"$50,000 to $74,999",148745
01/01/2011 12:00:00 AM,65 to 80+,Male,Bachelor's degree or higher,"$75,000 and over",175775
01/01/2011 12:00:00 AM,65 to 80+,Female,No high school diploma,No Income,77617
01/01/2011 12:00:00 AM,65 to 80+,Female,No high school diploma,"$5,000 to $9,999",175975
01/01/2011 12:00:00 AM,65 to 80+,Female,No high school diploma,"$10,000 to $14,999",152780
01/01/2011 12:00:00 AM,65 to 80+,Female,No high school diploma,"$15,000 to $24,999",68997
01/01/2011 12:00:00 AM,65 to 80+,Female,No high school diploma,"$25,000 to $34,999",13821
01/01/2011 12:00:00 AM,65 to 80+,Female,No high school diploma,"$35,000 to $49,999",10588
01/01/2011 12:00:00 AM,65 to 80+,Female,No high school diploma,"$50,000 to $74,999",6419
01/01/2011 12:00:00 AM,65 to 80+,Female,No high school diploma,"$75,000 and over",2190
01/01/2011 12:00:00 AM,65 to 80+,Female,High school or equivalent,No Income,43062
01/01/2011 12:00:00 AM,65 to 80+,Female,High school or equivalent,"$5,000 to $9,999",140300
01/01/2011 12:00:00 AM,65 to 80+,Female,High school or equivalent,"$10,000 to $14,999",125104
01/01/2011 12:00:00 AM,65 to 80+,Female,High school or equivalent,"$15,000 to $24,999",148331
01/01/2011 12:00:00 AM,65 to 80+,Female,High school or equivalent,"$25,000 to $34,999",65587
01/01/2011 12:00:00 AM,65 to 80+,Female,High school or equivalent,"$35,000 to $49,999",52376
01/01/2011 12:00:00 AM,65 to 80+,Female,High school or equivalent,"$50,000 to $74,999",27438
01/01/2011 12:00:00 AM,65 to 80+,Female,High school or equivalent,"$75,000 and over",10372
01/01/2011 12:00:00 AM,65 to 80+,Female,"Some college, less than 4-yr degree",No Income,29080
01/01/2011 12:00:00 AM,65 to 80+,Female,"Some college, less than 4-yr degree","$5,000 to $9,999",107745
01/01/2011 12:00:00 AM,65 to 80+,Female,"Some college, less than 4-yr degree","$10,000 to $14,999",102391
01/01/2011 12:00:00 AM,65 to 80+,Female,"Some college, less than 4-yr degree","$15,000 to $24,999",152093
01/01/2011 12:00:00 AM,65 to 80+,Female,"Some college, less than 4-yr degree","$25,000 to $34,999",88513
01/01/2011 12:00:00 AM,65 to 80+,Female,"Some college, less than 4-yr degree","$35,000 to $49,999",43331
01/01/2011 12:00:00 AM,65 to 80+,Female,"Some college, less than 4-yr degree","$50,000 to $74,999",25292
01/01/2011 12:00:00 AM,65 to 80+,Female,"Some college, less than 4-yr degree","$75,000 and over",33485
01/01/2011 12:00:00 AM,65 to 80+,Female,Bachelor's degree or higher,No Income,25829
01/01/2011 12:00:00 AM,65 to 80+,Female,Bachelor's degree or higher,"$5,000 to $9,999",49166
01/01/2011 12:00:00 AM,65 to 80+,Female,Bachelor's degree or higher,"$10,000 to $14,999",67525
01/01/2011 12:00:00 AM,65 to 80+,Female,Bachelor's degree or higher,"$15,000 to $24,999",114697
01/01/2011 12:00:00 AM,65 to 80+,Female,Bachelor's degree or higher,"$25,000 to $34,999",80989
01/01/2011 12:00:00 AM,65 to 80+,Female,Bachelor's degree or higher,"$35,000 to $49,999",58285
01/01/2011 12:00:00 AM,65 to 80+,Female,Bachelor's degree or higher,"$50,000 to $74,999",90812
01/01/2011 12:00:00 AM,65 to 80+,Female,Bachelor's degree or higher,"$75,000 and over",75921
01/01/2012 12:00:00 AM,00 to 17,Male,Children under 15,No Income,
01/01/2012 12:00:00 AM,00 to 17,Male,No high school diploma,No Income,705113
01/01/2012 12:00:00 AM,00 to 17,Male,No high school diploma,"$5,000 to $9,999",28609
01/01/2012 12:00:00 AM,00 to 17,Male,No high school diploma,"$10,000 to $14,999",4166
01/01/2012 12:00:00 AM,00 to 17,Male,No high school diploma,"$15,000 to $24,999",9647
01/01/2012 12:00:00 AM,00 to 17,Male,No high school diploma,"$25,000 to $34,999",1104
01/01/2012 12:00:00 AM,00 to 17,Male,No high school diploma,"$35,000 to $49,999",1636
01/01/2012 12:00:00 AM,00 to 17,Male,High school or equivalent,No Income,
01/01/2012 12:00:00 AM,00 to 17,Male,"Some college, less than 4-yr degree",No Income,
01/01/2012 12:00:00 AM,00 to 17,Male,"Some college, less than 4-yr degree","$10,000 to $14,999",3208
01/01/2012 12:00:00 AM,00 to 17,Male,Bachelor's degree or higher,No Income,1680
01/01/2012 12:00:00 AM,00 to 17,Female,Children under 15,No Income,
01/01/2012 12:00:00 AM,00 to 17,Female,No high school diploma,No Income,641084
01/01/2012 12:00:00 AM,00 to 17,Female,No high school diploma,"$5,000 to $9,999",27841
01/01/2012 12:00:00 AM,00 to 17,Female,No high school diploma,"$10,000 to $14,999",5318
01/01/2012 12:00:00 AM,00 to 17,Female,No high school diploma,"$15,000 to $24,999",2075
01/01/2012 12:00:00 AM,00 to 17,Female,No high school diploma,"$75,000 and over",1553
01/01/2012 12:00:00 AM,00 to 17,Female,High school or equivalent,No Income,6291
01/01/2012 12:00:00 AM,00 to 17,Female,"Some college, less than 4-yr degree",No Income,4102
01/01/2012 12:00:00 AM,00 to 17,Female,"Some college, less than 4-yr degree","$5,000 to $9,999",1871
01/01/2012 12:00:00 AM,00 to 17,Female,"Some college, less than 4-yr degree","$10,000 to $14,999",2046
01/01/2012 12:00:00 AM,00 to 17,Female,"Some college, less than 4-yr degree","$15,000 to $24,999",1198
01/01/2012 12:00:00 AM,00 to 17,Female,Bachelor's degree or higher,No Income,
01/01/2012 12:00:00 AM,00 to 17,Female,Bachelor's degree or higher,"$25,000 to $34,999",1198
01/01/2012 12:00:00 AM,18 to 64,Male,No high school diploma,No Income,357363
01/01/2012 12:00:00 AM,18 to 64,Male,No high school diploma,"$5,000 to $9,999",234399
01/01/2012 12:00:00 AM,18 to 64,Male,No high school diploma,"$10,000 to $14,999",296619
01/01/2012 12:00:00 AM,18 to 64,Male,No high school diploma,"$15,000 to $24,999",478466
01/01/2012 12:00:00 AM,18 to 64,Male,No high school diploma,"$25,000 to $34,999",285220
01/01/2012 12:00:00 AM,18 to 64,Male,No high school diploma,"$35,000 to $49,999",220388
01/01/2012 12:00:00 AM,18 to 64,Male,No high school diploma,"$50,000 to $74,999",85944
01/01/2012 12:00:00 AM,18 to 64,Male,No high school diploma,"$75,000 and over",37162
01/01/2012 12:00:00 AM,18 to 64,Male,High school or equivalent,No Income,453889
01/01/2012 12:00:00 AM,18 to 64,Male,High school or equivalent,"$5,000 to $9,999",223998
01/01/2012 12:00:00 AM,18 to 64,Male,High school or equivalent,"$10,000 to $14,999",291838
01/01/2012 12:00:00 AM,18 to 64,Male,High school or equivalent,"$15,000 to $24,999",533300
01/01/2012 12:00:00 AM,18 to 64,Male,High school or equivalent,"$25,000 to $34,999",403456
01/01/2012 12:00:00 AM,18 to 64,Male,High school or equivalent,"$35,000 to $49,999",430104
01/01/2012 12:00:00 AM,18 to 64,Male,High school or equivalent,"$50,000 to $74,999",387094
01/01/2012 12:00:00 AM,18 to 64,Male,High school or equivalent,"$75,000 and over",168064
01/01/2012 12:00:00 AM,18 to 64,Male,"Some college, less than 4-yr degree",No Income,385337
01/01/2012 12:00:00 AM,18 to 64,Male,"Some college, less than 4-yr degree","$5,000 to $9,999",295051
01/01/2012 12:00:00 AM,18 to 64,Male,"Some college, less than 4-yr degree","$10,000 to $14,999",254478
01/01/2012 12:00:00 AM,18 to 64,Male,"Some college, less than 4-yr degree","$15,000 to $24,999",457806
01/01/2012 12:00:00 AM,18 to 64,Male,"Some college, less than 4-yr degree","$25,000 to $34,999",366349
01/01/2012 12:00:00 AM,18 to 64,Male,"Some college, less than 4-yr degree","$35,000 to $49,999",438565
01/01/2012 12:00:00 AM,18 to 64,Male,"Some college, less than 4-yr degree","$50,000 to $74,999",449158
01/01/2012 12:00:00 AM,18 to 64,Male,"Some college, less than 4-yr degree","$75,000 and over",477728
01/01/2012 12:00:00 AM,18 to 64,Male,Bachelor's degree or higher,No Income,143162
01/01/2012 12:00:00 AM,18 to 64,Male,Bachelor's degree or higher,"$5,000 to $9,999",84310
01/01/2012 12:00:00 AM,18 to 64,Male,Bachelor's degree or higher,"$10,000 to $14,999",92147
01/01/2012 12:00:00 AM,18 to 64,Male,Bachelor's degree or higher,"$15,000 to $24,999",226292
01/01/2012 12:00:00 AM,18 to 64,Male,Bachelor's degree or higher,"$25,000 to $34,999",229693
01/01/2012 12:00:00 AM,18 to 64,Male,Bachelor's degree or higher,"$35,000 to $49,999",402570
01/01/2012 12:00:00 AM,18 to 64,Male,Bachelor's degree or higher,"$50,000 to $74,999",552522
01/01/2012 12:00:00 AM,18 to 64,Male,Bachelor's degree or higher,"$75,000 and over",1511773
01/01/2012 12:00:00 AM,18 to 64,Female,No high school diploma,No Income,719609
01/01/2012 12:00:00 AM,18 to 64,Female,No high school diploma,"$5,000 to $9,999",279793
01/01/2012 12:00:00 AM,18 to 64,Female,No high school diploma,"$10,000 to $14,999",249688
01/01/2012 12:00:00 AM,18 to 64,Female,No high school diploma,"$15,000 to $24,999",335644
01/01/2012 12:00:00 AM,18 to 64,Female,No high school diploma,"$25,000 to $34,999",98037
01/01/2012 12:00:00 AM,18 to 64,Female,No high school diploma,"$35,000 to $49,999",31925
01/01/2012 12:00:00 AM,18 to 64,Female,No high school diploma,"$50,000 to $74,999",7581
01/01/2012 12:00:00 AM,18 to 64,Female,No high school diploma,"$75,000 and over",4142
01/01/2012 12:00:00 AM,18 to 64,Female,High school or equivalent,No Income,569172
01/01/2012 12:00:00 AM,18 to 64,Female,High school or equivalent,"$5,000 to $9,999",289183
01/01/2012 12:00:00 AM,18 to 64,Female,High school or equivalent,"$10,000 to $14,999",285836
01/01/2012 12:00:00 AM,18 to 64,Female,High school or equivalent,"$15,000 to $24,999",478261
01/01/2012 12:00:00 AM,18 to 64,Female,High school or equivalent,"$25,000 to $34,999",317656
01/01/2012 12:00:00 AM,18 to 64,Female,High school or equivalent,"$35,000 to $49,999",255299
01/01/2012 12:00:00 AM,18 to 64,Female,High school or equivalent,"$50,000 to $74,999",132765
01/01/2012 12:00:00 AM,18 to 64,Female,High school or equivalent,"$75,000 and over",55907
01/01/2012 12:00:00 AM,18 to 64,Female,"Some college, less than 4-yr degree",No Income,544361
01/01/2012 12:00:00 AM,18 to 64,Female,"Some college, less than 4-yr degree","$5,000 to $9,999",375121
01/01/2012 12:00:00 AM,18 to 64,Female,"Some college, less than 4-yr degree","$10,000 to $14,999",364362
01/01/2012 12:00:00 AM,18 to 64,Female,"Some college, less than 4-yr degree","$15,000 to $24,999",609758
01/01/2012 12:00:00 AM,18 to 64,Female,"Some college, less than 4-yr degree","$25,000 to $34,999",456854
01/01/2012 12:00:00 AM,18 to 64,Female,"Some college, less than 4-yr degree","$35,000 to $49,999",471354
01/01/2012 12:00:00 AM,18 to 64,Female,"Some college, less than 4-yr degree","$50,000 to $74,999",340166
01/01/2012 12:00:00 AM,18 to 64,Female,"Some college, less than 4-yr degree","$75,000 and over",200267
01/01/2012 12:00:00 AM,18 to 64,Female,Bachelor's degree or higher,No Income,337101
01/01/2012 12:00:00 AM,18 to 64,Female,Bachelor's degree or higher,"$5,000 to $9,999",181728
01/01/2012 12:00:00 AM,18 to 64,Female,Bachelor's degree or higher,"$10,000 to $14,999",147701
01/01/2012 12:00:00 AM,18 to 64,Female,Bachelor's degree or higher,"$15,000 to $24,999",283574
01/01/2012 12:00:00 AM,18 to 64,Female,Bachelor's degree or higher,"$25,000 to $34,999",310527
01/01/2012 12:00:00 AM,18 to 64,Female,Bachelor's degree or higher,"$35,000 to $49,999",485498
01/01/2012 12:00:00 AM,18 to 64,Female,Bachelor's degree or higher,"$50,000 to $74,999",684421
01/01/2012 12:00:00 AM,18 to 64,Female,Bachelor's degree or higher,"$75,000 and over",829905
01/01/2012 12:00:00 AM,65 to 80+,Male,No high school diploma,No Income,43797
01/01/2012 12:00:00 AM,65 to 80+,Male,No high school diploma,"$5,000 to $9,999",66775
01/01/2012 12:00:00 AM,65 to 80+,Male,No high school diploma,"$10,000 to $14,999",87788
01/01/2012 12:00:00 AM,65 to 80+,Male,No high school diploma,"$15,000 to $24,999",75781
01/01/2012 12:00:00 AM,65 to 80+,Male,No high school diploma,"$25,000 to $34,999",38125
01/01/2012 12:00:00 AM,65 to 80+,Male,No high school diploma,"$35,000 to $49,999",19530
01/01/2012 12:00:00 AM,65 to 80+,Male,No high school diploma,"$50,000 to $74,999",12515
01/01/2012 12:00:00 AM,65 to 80+,Male,No high school diploma,"$75,000 and over",7813
01/01/2012 12:00:00 AM,65 to 80+,Male,High school or equivalent,No Income,
01/01/2012 12:00:00 AM,65 to 80+,Male,High school or equivalent,"$5,000 to $9,999",34505
01/01/2012 12:00:00 AM,65 to 80+,Male,High school or equivalent,"$10,000 to $14,999",42768
01/01/2012 12:00:00 AM,65 to 80+,Male,High school or equivalent,"$15,000 to $24,999",122757
01/01/2012 12:00:00 AM,65 to 80+,Male,High school or equivalent,"$25,000 to $34,999",63083
01/01/2012 12:00:00 AM,65 to 80+,Male,High school or equivalent,"$35,000 to $49,999",62391
01/01/2012 12:00:00 AM,65 to 80+,Male,High school or equivalent,"$50,000 to $74,999",21505
01/01/2012 12:00:00 AM,65 to 80+,Male,High school or equivalent,"$75,000 and over",21430
01/01/2012 12:00:00 AM,65 to 80+,Male,"Some college, less than 4-yr degree",No Income,6274
01/01/2012 12:00:00 AM,65 to 80+,Male,"Some college, less than 4-yr degree","$5,000 to $9,999",27496
01/01/2012 12:00:00 AM,65 to 80+,Male,"Some college, less than 4-yr degree","$10,000 to $14,999",62706
01/01/2012 12:00:00 AM,65 to 80+,Male,"Some college, less than 4-yr degree","$15,000 to $24,999",106452
01/01/2012 12:00:00 AM,65 to 80+,Male,"Some college, less than 4-yr degree","$25,000 to $34,999",81133
01/01/2012 12:00:00 AM,65 to 80+,Male,"Some college, less than 4-yr degree","$35,000 to $49,999",74258
01/01/2012 12:00:00 AM,65 to 80+,Male,"Some college, less than 4-yr degree","$50,000 to $74,999",61326
01/01/2012 12:00:00 AM,65 to 80+,Male,"Some college, less than 4-yr degree","$75,000 and over",59412
01/01/2012 12:00:00 AM,65 to 80+,Male,Bachelor's degree or higher,No Income,14562
01/01/2012 12:00:00 AM,65 to 80+,Male,Bachelor's degree or higher,"$5,000 to $9,999",16823
01/01/2012 12:00:00 AM,65 to 80+,Male,Bachelor's degree or higher,"$10,000 to $14,999",39590
01/01/2012 12:00:00 AM,65 to 80+,Male,Bachelor's degree or higher,"$15,000 to $24,999",106794
01/01/2012 12:00:00 AM,65 to 80+,Male,Bachelor's degree or higher,"$25,000 to $34,999",107542
01/01/2012 12:00:00 AM,65 to 80+,Male,Bachelor's degree or higher,"$35,000 to $49,999",91063
01/01/2012 12:00:00 AM,65 to 80+,Male,Bachelor's degree or higher,"$50,000 to $74,999",136530
01/01/2012 12:00:00 AM,65 to 80+,Male,Bachelor's degree or higher,"$75,000 and over",207930
01/01/2012 12:00:00 AM,65 to 80+,Female,No high school diploma,No Income,78939
01/01/2012 12:00:00 AM,65 to 80+,Female,No high school diploma,"$5,000 to $9,999",171363
01/01/2012 12:00:00 AM,65 to 80+,Female,No high school diploma,"$10,000 to $14,999",128893
01/01/2012 12:00:00 AM,65 to 80+,Female,No high school diploma,"$15,000 to $24,999",93246
01/01/2012 12:00:00 AM,65 to 80+,Female,No high school diploma,"$25,000 to $34,999",8966
01/01/2012 12:00:00 AM,65 to 80+,Female,No high school diploma,"$35,000 to $49,999",9325
01/01/2012 12:00:00 AM,65 to 80+,Female,No high school diploma,"$50,000 to $74,999",9308
01/01/2012 12:00:00 AM,65 to 80+,Female,High school or equivalent,No Income,40812
01/01/2012 12:00:00 AM,65 to 80+,Female,High school or equivalent,"$5,000 to $9,999",138731
01/01/2012 12:00:00 AM,65 to 80+,Female,High school or equivalent,"$10,000 to $14,999",168905
01/01/2012 12:00:00 AM,65 to 80+,Female,High school or equivalent,"$15,000 to $24,999",202994
01/01/2012 12:00:00 AM,65 to 80+,Female,High school or equivalent,"$25,000 to $34,999",65999
01/01/2012 12:00:00 AM,65 to 80+,Female,High school or equivalent,"$35,000 to $49,999",43410
01/01/2012 12:00:00 AM,65 to 80+,Female,High school or equivalent,"$50,000 to $74,999",35359
01/01/2012 12:00:00 AM,65 to 80+,Female,High school or equivalent,"$75,000 and over",26205
01/01/2012 12:00:00 AM,65 to 80+,Female,"Some college, less than 4-yr degree",No Income,28392
01/01/2012 12:00:00 AM,65 to 80+,Female,"Some college, less than 4-yr degree","$5,000 to $9,999",57101
01/01/2012 12:00:00 AM,65 to 80+,Female,"Some college, less than 4-yr degree","$10,000 to $14,999",103317
01/01/2012 12:00:00 AM,65 to 80+,Female,"Some college, less than 4-yr degree","$15,000 to $24,999",146503
01/01/2012 12:00:00 AM,65 to 80+,Female,"Some college, less than 4-yr degree","$25,000 to $34,999",84364
01/01/2012 12:00:00 AM,65 to 80+,Female,"Some college, less than 4-yr degree","$35,000 to $49,999",34919
01/01/2012 12:00:00 AM,65 to 80+,Female,"Some college, less than 4-yr degree","$50,000 to $74,999",43737
01/01/2012 12:00:00 AM,65 to 80+,Female,"Some college, less than 4-yr degree","$75,000 and over",23888
01/01/2012 12:00:00 AM,65 to 80+,Female,Bachelor's degree or higher,No Income,11184
01/01/2012 12:00:00 AM,65 to 80+,Female,Bachelor's degree or higher,"$5,000 to $9,999",61123
01/01/2012 12:00:00 AM,65 to 80+,Female,Bachelor's degree or higher,"$10,000 to $14,999",71204
01/01/2012 12:00:00 AM,65 to 80+,Female,Bachelor's degree or higher,"$15,000 to $24,999",81556
01/01/2012 12:00:00 AM,65 to 80+,Female,Bachelor's degree or higher,"$25,000 to $34,999",68744
01/01/2012 12:00:00 AM,65 to 80+,Female,Bachelor's degree or higher,"$35,000 to $49,999",99010
01/01/2012 12:00:00 AM,65 to 80+,Female,Bachelor's degree or higher,"$50,000 to $74,999",75288
01/01/2012 12:00:00 AM,65 to 80+,Female,Bachelor's degree or higher,"$75,000 and over",71088
01/01/2013 12:00:00 AM,00 to 17,Male,Children under 15,No Income,
01/01/2013 12:00:00 AM,00 to 17,Male,No high school diploma,No Income,660627
01/01/2013 12:00:00 AM,00 to 17,Male,No high school diploma,"$5,000 to $9,999",14929
01/01/2013 12:00:00 AM,00 to 17,Male,No high school diploma,"$10,000 to $14,999",4907
01/01/2013 12:00:00 AM,00 to 17,Male,No high school diploma,"$15,000 to $24,999",6336
01/01/2013 12:00:00 AM,00 to 17,Male,No high school diploma,"$25,000 to $34,999",1435
01/01/2013 12:00:00 AM,00 to 17,Male,High school or equivalent,No Income,
01/01/2013 12:00:00 AM,00 to 17,Male,High school or equivalent,"$5,000 to $9,999",1405
01/01/2013 12:00:00 AM,00 to 17,Male,"Some college, less than 4-yr degree","$5,000 to $9,999",
01/01/2013 12:00:00 AM,00 to 17,Male,"Some college, less than 4-yr degree","$10,000 to $14,999",2212
01/01/2013 12:00:00 AM,00 to 17,Female,Children under 15,No Income,
01/01/2013 12:00:00 AM,00 to 17,Female,No high school diploma,No Income,652219
01/01/2013 12:00:00 AM,00 to 17,Female,No high school diploma,"$5,000 to $9,999",21792
01/01/2013 12:00:00 AM,00 to 17,Female,No high school diploma,"$10,000 to $14,999",10299
01/01/2013 12:00:00 AM,00 to 17,Female,No high school diploma,"$15,000 to $24,999",5073
01/01/2013 12:00:00 AM,00 to 17,Female,High school or equivalent,No Income,8651
01/01/2013 12:00:00 AM,00 to 17,Female,High school or equivalent,"$5,000 to $9,999",8226
01/01/2013 12:00:00 AM,00 to 17,Female,"Some college, less than 4-yr degree",No Income,4419
01/01/2013 12:00:00 AM,00 to 17,Female,"Some college, less than 4-yr degree","$10,000 to $14,999",1956
01/01/2013 12:00:00 AM,00 to 17,Female,"Some college, less than 4-yr degree","$15,000 to $24,999",1689
01/01/2013 12:00:00 AM,00 to 17,Female,"Some college, less than 4-yr degree","$35,000 to $49,999",1283
01/01/2013 12:00:00 AM,00 to 17,Female,Bachelor's degree or higher,"$15,000 to $24,999",
01/01/2013 12:00:00 AM,18 to 64,Male,No high school diploma,No Income,348812
01/01/2013 12:00:00 AM,18 to 64,Male,No high school diploma,"$5,000 to $9,999",209881
01/01/2013 12:00:00 AM,18 to 64,Male,No high school diploma,"$10,000 to $14,999",248722
01/01/2013 12:00:00 AM,18 to 64,Male,No high school diploma,"$15,000 to $24,999",473160
01/01/2013 12:00:00 AM,18 to 64,Male,No high school diploma,"$25,000 to $34,999",287918
01/01/2013 12:00:00 AM,18 to 64,Male,No high school diploma,"$35,000 to $49,999",163709
01/01/2013 12:00:00 AM,18 to 64,Male,No high school diploma,"$50,000 to $74,999",86281
01/01/2013 12:00:00 AM,18 to 64,Male,No high school diploma,"$75,000 and over",30760
01/01/2013 12:00:00 AM,18 to 64,Male,High school or equivalent,No Income,372961
01/01/2013 12:00:00 AM,18 to 64,Male,High school or equivalent,"$5,000 to $9,999",184943
01/01/2013 12:00:00 AM,18 to 64,Male,High school or equivalent,"$10,000 to $14,999",258773
01/01/2013 12:00:00 AM,18 to 64,Male,High school or equivalent,"$15,000 to $24,999",425530
01/01/2013 12:00:00 AM,18 to 64,Male,High school or equivalent,"$25,000 to $34,999",438925
01/01/2013 12:00:00 AM,18 to 64,Male,High school or equivalent,"$35,000 to $49,999",456199
01/01/2013 12:00:00 AM,18 to 64,Male,High school or equivalent,"$50,000 to $74,999",334524
01/01/2013 12:00:00 AM,18 to 64,Male,High school or equivalent,"$75,000 and over",235147
01/01/2013 12:00:00 AM,18 to 64,Male,"Some college, less than 4-yr degree",No Income,356010
01/01/2013 12:00:00 AM,18 to 64,Male,"Some college, less than 4-yr degree","$5,000 to $9,999",258589
01/01/2013 12:00:00 AM,18 to 64,Male,"Some college, less than 4-yr degree","$10,000 to $14,999",287720
01/01/2013 12:00:00 AM,18 to 64,Male,"Some college, less than 4-yr degree","$15,000 to $24,999",502982
01/01/2013 12:00:00 AM,18 to 64,Male,"Some college, less than 4-yr degree","$25,000 to $34,999",432793
01/01/2013 12:00:00 AM,18 to 64,Male,"Some college, less than 4-yr degree","$35,000 to $49,999",473400
01/01/2013 12:00:00 AM,18 to 64,Male,"Some college, less than 4-yr degree","$50,000 to $74,999",449846
01/01/2013 12:00:00 AM,18 to 64,Male,"Some college, less than 4-yr degree","$75,000 and over",490899
01/01/2013 12:00:00 AM,18 to 64,Male,Bachelor's degree or higher,No Income,138459
01/01/2013 12:00:00 AM,18 to 64,Male,Bachelor's degree or higher,"$5,000 to $9,999",67986
01/01/2013 12:00:00 AM,18 to 64,Male,Bachelor's degree or higher,"$10,000 to $14,999",125136
01/01/2013 12:00:00 AM,18 to 64,Male,Bachelor's degree or higher,"$15,000 to $24,999",252257
01/01/2013 12:00:00 AM,18 to 64,Male,Bachelor's degree or higher,"$25,000 to $34,999",282909
01/01/2013 12:00:00 AM,18 to 64,Male,Bachelor's degree or higher,"$35,000 to $49,999",405494
01/01/2013 12:00:00 AM,18 to 64,Male,Bachelor's degree or higher,"$50,000 to $74,999",599541
01/01/2013 12:00:00 AM,18 to 64,Male,Bachelor's degree or higher,"$75,000 and over",1643095
01/01/2013 12:00:00 AM,18 to 64,Female,No high school diploma,No Income,637445
01/01/2013 12:00:00 AM,18 to 64,Female,No high school diploma,"$5,000 to $9,999",225537
01/01/2013 12:00:00 AM,18 to 64,Female,No high school diploma,"$10,000 to $14,999",229231
01/01/2013 12:00:00 AM,18 to 64,Female,No high school diploma,"$15,000 to $24,999",284092
01/01/2013 12:00:00 AM,18 to 64,Female,No high school diploma,"$25,000 to $34,999",99143
01/01/2013 12:00:00 AM,18 to 64,Female,No high school diploma,"$35,000 to $49,999",52571
01/01/2013 12:00:00 AM,18 to 64,Female,No high school diploma,"$50,000 to $74,999",15944
01/01/2013 12:00:00 AM,18 to 64,Female,No high school diploma,"$75,000 and over",3886
01/01/2013 12:00:00 AM,18 to 64,Female,High school or equivalent,No Income,664769
01/01/2013 12:00:00 AM,18 to 64,Female,High school or equivalent,"$5,000 to $9,999",245728
01/01/2013 12:00:00 AM,18 to 64,Female,High school or equivalent,"$10,000 to $14,999",265604
01/01/2013 12:00:00 AM,18 to 64,Female,High school or equivalent,"$15,000 to $24,999",466935
01/01/2013 12:00:00 AM,18 to 64,Female,High school or equivalent,"$25,000 to $34,999",293672
01/01/2013 12:00:00 AM,18 to 64,Female,High school or equivalent,"$35,000 to $49,999",238689
01/01/2013 12:00:00 AM,18 to 64,Female,High school or equivalent,"$50,000 to $74,999",134465
01/01/2013 12:00:00 AM,18 to 64,Female,High school or equivalent,"$75,000 and over",61381
01/01/2013 12:00:00 AM,18 to 64,Female,"Some college, less than 4-yr degree",No Income,531822
01/01/2013 12:00:00 AM,18 to 64,Female,"Some college, less than 4-yr degree","$5,000 to $9,999",380107
01/01/2013 12:00:00 AM,18 to 64,Female,"Some college, less than 4-yr degree","$10,000 to $14,999",384072
01/01/2013 12:00:00 AM,18 to 64,Female,"Some college, less than 4-yr degree","$15,000 to $24,999",617513
01/01/2013 12:00:00 AM,18 to 64,Female,"Some college, less than 4-yr degree","$25,000 to $34,999",453189
01/01/2013 12:00:00 AM,18 to 64,Female,"Some college, less than 4-yr degree","$35,000 to $49,999",497833
01/01/2013 12:00:00 AM,18 to 64,Female,"Some college, less than 4-yr degree","$50,000 to $74,999",399381
01/01/2013 12:00:00 AM,18 to 64,Female,"Some college, less than 4-yr degree","$75,000 and over",200690
01/01/2013 12:00:00 AM,18 to 64,Female,Bachelor's degree or higher,No Income,325064
01/01/2013 12:00:00 AM,18 to 64,Female,Bachelor's degree or higher,"$5,000 to $9,999",199405
01/01/2013 12:00:00 AM,18 to 64,Female,Bachelor's degree or higher,"$10,000 to $14,999",160795
01/01/2013 12:00:00 AM,18 to 64,Female,Bachelor's degree or higher,"$15,000 to $24,999",350595
01/01/2013 12:00:00 AM,18 to 64,Female,Bachelor's degree or higher,"$25,000 to $34,999",340393
01/01/2013 12:00:00 AM,18 to 64,Female,Bachelor's degree or higher,"$35,000 to $49,999",510047
01/01/2013 12:00:00 AM,18 to 64,Female,Bachelor's degree or higher,"$50,000 to $74,999",675331
01/01/2013 12:00:00 AM,18 to 64,Female,Bachelor's degree or higher,"$75,000 and over",917079
01/01/2013 12:00:00 AM,65 to 80+,Male,No high school diploma,No Income,32602
01/01/2013 12:00:00 AM,65 to 80+,Male,No high school diploma,"$5,000 to $9,999",75138
01/01/2013 12:00:00 AM,65 to 80+,Male,No high school diploma,"$10,000 to $14,999",102504
01/01/2013 12:00:00 AM,65 to 80+,Male,No high school diploma,"$15,000 to $24,999",59541
01/01/2013 12:00:00 AM,65 to 80+,Male,No high school diploma,"$25,000 to $34,999",23400
01/01/2013 12:00:00 AM,65 to 80+,Male,No high school diploma,"$35,000 to $49,999",21275
01/01/2013 12:00:00 AM,65 to 80+,Male,No high school diploma,"$50,000 to $74,999",24001
01/01/2013 12:00:00 AM,65 to 80+,Male,High school or equivalent,No Income,13764
01/01/2013 12:00:00 AM,65 to 80+,Male,High school or equivalent,"$5,000 to $9,999",41378
01/01/2013 12:00:00 AM,65 to 80+,Male,High school or equivalent,"$10,000 to $14,999",53241
01/01/2013 12:00:00 AM,65 to 80+,Male,High school or equivalent,"$15,000 to $24,999",112400
01/01/2013 12:00:00 AM,65 to 80+,Male,High school or equivalent,"$25,000 to $34,999",74106
01/01/2013 12:00:00 AM,65 to 80+,Male,High school or equivalent,"$35,000 to $49,999",52529
01/01/2013 12:00:00 AM,65 to 80+,Male,High school or equivalent,"$50,000 to $74,999",26962
01/01/2013 12:00:00 AM,65 to 80+,Male,High school or equivalent,"$75,000 and over",26720
01/01/2013 12:00:00 AM,65 to 80+,Male,"Some college, less than 4-yr degree",No Income,4295
01/01/2013 12:00:00 AM,65 to 80+,Male,"Some college, less than 4-yr degree","$5,000 to $9,999",21398
01/01/2013 12:00:00 AM,65 to 80+,Male,"Some college, less than 4-yr degree","$10,000 to $14,999",38857
01/01/2013 12:00:00 AM,65 to 80+,Male,"Some college, less than 4-yr degree","$15,000 to $24,999",121937
01/01/2013 12:00:00 AM,65 to 80+,Male,"Some college, less than 4-yr degree","$25,000 to $34,999",90111
01/01/2013 12:00:00 AM,65 to 80+,Male,"Some college, less than 4-yr degree","$35,000 to $49,999",86950
01/01/2013 12:00:00 AM,65 to 80+,Male,"Some college, less than 4-yr degree","$50,000 to $74,999",72542
01/01/2013 12:00:00 AM,65 to 80+,Male,"Some college, less than 4-yr degree","$75,000 and over",70476
01/01/2013 12:00:00 AM,65 to 80+,Male,Bachelor's degree or higher,No Income,24761
01/01/2013 12:00:00 AM,65 to 80+,Male,Bachelor's degree or higher,"$5,000 to $9,999",33040
01/01/2013 12:00:00 AM,65 to 80+,Male,Bachelor's degree or higher,"$10,000 to $14,999",40105
01/01/2013 12:00:00 AM,65 to 80+,Male,Bachelor's degree or higher,"$15,000 to $24,999",125756
01/01/2013 12:00:00 AM,65 to 80+,Male,Bachelor's degree or higher,"$25,000 to $34,999",89569
01/01/2013 12:00:00 AM,65 to 80+,Male,Bachelor's degree or higher,"$35,000 to $49,999",88804
01/01/2013 12:00:00 AM,65 to 80+,Male,Bachelor's degree or higher,"$50,000 to $74,999",122689
01/01/2013 12:00:00 AM,65 to 80+,Male,Bachelor's degree or higher,"$75,000 and over",250033
01/01/2013 12:00:00 AM,65 to 80+,Female,No high school diploma,No Income,70893
01/01/2013 12:00:00 AM,65 to 80+,Female,No high school diploma,"$5,000 to $9,999",150694
01/01/2013 12:00:00 AM,65 to 80+,Female,No high school diploma,"$10,000 to $14,999",177955
01/01/2013 12:00:00 AM,65 to 80+,Female,No high school diploma,"$15,000 to $24,999",46652
01/01/2013 12:00:00 AM,65 to 80+,Female,No high school diploma,"$25,000 to $34,999",11131
01/01/2013 12:00:00 AM,65 to 80+,Female,No high school diploma,"$35,000 to $49,999",8609
01/01/2013 12:00:00 AM,65 to 80+,Female,No high school diploma,"$50,000 to $74,999",7600
01/01/2013 12:00:00 AM,65 to 80+,Female,No high school diploma,"$75,000 and over",3026
01/01/2013 12:00:00 AM,65 to 80+,Female,High school or equivalent,No Income,43226
01/01/2013 12:00:00 AM,65 to 80+,Female,High school or equivalent,"$5,000 to $9,999",112957
01/01/2013 12:00:00 AM,65 to 80+,Female,High school or equivalent,"$10,000 to $14,999",194765
01/01/2013 12:00:00 AM,65 to 80+,Female,High school or equivalent,"$15,000 to $24,999",221218
01/01/2013 12:00:00 AM,65 to 80+,Female,High school or equivalent,"$25,000 to $34,999",36333
01/01/2013 12:00:00 AM,65 to 80+,Female,High school or equivalent,"$35,000 to $49,999",29427
01/01/2013 12:00:00 AM,65 to 80+,Female,High school or equivalent,"$50,000 to $74,999",20412
01/01/2013 12:00:00 AM,65 to 80+,Female,High school or equivalent,"$75,000 and over",8493
01/01/2013 12:00:00 AM,65 to 80+,Female,"Some college, less than 4-yr degree",No Income,13731
01/01/2013 12:00:00 AM,65 to 80+,Female,"Some college, less than 4-yr degree","$5,000 to $9,999",85075
01/01/2013 12:00:00 AM,65 to 80+,Female,"Some college, less than 4-yr degree","$10,000 to $14,999",131819
01/01/2013 12:00:00 AM,65 to 80+,Female,"Some college, less than 4-yr degree","$15,000 to $24,999",181219
01/01/2013 12:00:00 AM,65 to 80+,Female,"Some college, less than 4-yr degree","$25,000 to $34,999",56178
01/01/2013 12:00:00 AM,65 to 80+,Female,"Some college, less than 4-yr degree","$35,000 to $49,999",49614
01/01/2013 12:00:00 AM,65 to 80+,Female,"Some college, less than 4-yr degree","$50,000 to $74,999",57827
01/01/2013 12:00:00 AM,65 to 80+,Female,"Some college, less than 4-yr degree","$75,000 and over",39607
01/01/2013 12:00:00 AM,65 to 80+,Female,Bachelor's degree or higher,No Income,29147
01/01/2013 12:00:00 AM,65 to 80+,Female,Bachelor's degree or higher,"$5,000 to $9,999",48558
01/01/2013 12:00:00 AM,65 to 80+,Female,Bachelor's degree or higher,"$10,000 to $14,999",87412
01/01/2013 12:00:00 AM,65 to 80+,Female,Bachelor's degree or higher,"$15,000 to $24,999",94601
01/01/2013 12:00:00 AM,65 to 80+,Female,Bachelor's degree or higher,"$25,000 to $34,999",58537
01/01/2013 12:00:00 AM,65 to 80+,Female,Bachelor's degree or higher,"$35,000 to $49,999",49722
01/01/2013 12:00:00 AM,65 to 80+,Female,Bachelor's degree or higher,"$50,000 to $74,999",70534
01/01/2013 12:00:00 AM,65 to 80+,Female,Bachelor's degree or higher,"$75,000 and over",94383
01/01/2014 12:00:00 AM,00 to 17,Male,Children under 15,No Income,
01/01/2014 12:00:00 AM,00 to 17,Male,No high school diploma,No Income,610313
01/01/2014 12:00:00 AM,00 to 17,Male,No high school diploma,"$5,000 to $9,999",26380
01/01/2014 12:00:00 AM,00 to 17,Male,No high school diploma,"$10,000 to $14,999",11857
01/01/2014 12:00:00 AM,00 to 17,Male,No high school diploma,"$15,000 to $24,999",3920
01/01/2014 12:00:00 AM,00 to 17,Male,High school or equivalent,No Income,15741
01/01/2014 12:00:00 AM,00 to 17,Male,High school or equivalent,"$5,000 to $9,999",2048
01/01/2014 12:00:00 AM,00 to 17,Male,High school or equivalent,"$10,000 to $14,999",4355
01/01/2014 12:00:00 AM,00 to 17,Male,"Some college, less than 4-yr degree","$15,000 to $24,999",1664
01/01/2014 12:00:00 AM,00 to 17,Female,Children under 15,No Income,
01/01/2014 12:00:00 AM,00 to 17,Female,No high school diploma,No Income,639596
01/01/2014 12:00:00 AM,00 to 17,Female,No high school diploma,"$5,000 to $9,999",15795
01/01/2014 12:00:00 AM,00 to 17,Female,No high school diploma,"$10,000 to $14,999",13768
01/01/2014 12:00:00 AM,00 to 17,Female,No high school diploma,"$50,000 to $74,999",3265
01/01/2014 12:00:00 AM,00 to 17,Female,High school or equivalent,No Income,
01/01/2014 12:00:00 AM,00 to 17,Female,High school or equivalent,"$5,000 to $9,999",1583
01/01/2014 12:00:00 AM,00 to 17,Female,High school or equivalent,"$15,000 to $24,999",3116
01/01/2014 12:00:00 AM,00 to 17,Female,High school or equivalent,"$25,000 to $34,999",2190
01/01/2014 12:00:00 AM,00 to 17,Female,"Some college, less than 4-yr degree",No Income,
01/01/2014 12:00:00 AM,00 to 17,Female,"Some college, less than 4-yr degree","$5,000 to $9,999",1356
01/01/2014 12:00:00 AM,00 to 17,Female,"Some college, less than 4-yr degree","$15,000 to $24,999",2776
01/01/2014 12:00:00 AM,00 to 17,Female,Bachelor's degree or higher,"$10,000 to $14,999",
01/01/2014 12:00:00 AM,00 to 17,Female,Bachelor's degree or higher,"$15,000 to $24,999",2471
01/01/2014 12:00:00 AM,18 to 64,Male,No high school diploma,No Income,376783
01/01/2014 12:00:00 AM,18 to 64,Male,No high school diploma,"$5,000 to $9,999",158572
01/01/2014 12:00:00 AM,18 to 64,Male,No high school diploma,"$10,000 to $14,999",231957
01/01/2014 12:00:00 AM,18 to 64,Male,No high school diploma,"$15,000 to $24,999",460129
01/01/2014 12:00:00 AM,18 to 64,Male,No high school diploma,"$25,000 to $34,999",288460
01/01/2014 12:00:00 AM,18 to 64,Male,No high school diploma,"$35,000 to $49,999",194888
01/01/2014 12:00:00 AM,18 to 64,Male,No high school diploma,"$50,000 to $74,999",104646
01/01/2014 12:00:00 AM,18 to 64,Male,No high school diploma,"$75,000 and over",54734
01/01/2014 12:00:00 AM,18 to 64,Male,High school or equivalent,No Income,405204
01/01/2014 12:00:00 AM,18 to 64,Male,High school or equivalent,"$5,000 to $9,999",238754
01/01/2014 12:00:00 AM,18 to 64,Male,High school or equivalent,"$10,000 to $14,999",200365
01/01/2014 12:00:00 AM,18 to 64,Male,High school or equivalent,"$15,000 to $24,999",520580
01/01/2014 12:00:00 AM,18 to 64,Male,High school or equivalent,"$25,000 to $34,999",467906
01/01/2014 12:00:00 AM,18 to 64,Male,High school or equivalent,"$35,000 to $49,999",418051
01/01/2014 12:00:00 AM,18 to 64,Male,High school or equivalent,"$50,000 to $74,999",322511
01/01/2014 12:00:00 AM,18 to 64,Male,High school or equivalent,"$75,000 and over",227515
01/01/2014 12:00:00 AM,18 to 64,Male,"Some college, less than 4-yr degree",No Income,343156
01/01/2014 12:00:00 AM,18 to 64,Male,"Some college, less than 4-yr degree","$5,000 to $9,999",255129
01/01/2014 12:00:00 AM,18 to 64,Male,"Some college, less than 4-yr degree","$10,000 to $14,999",278291
01/01/2014 12:00:00 AM,18 to 64,Male,"Some college, less than 4-yr degree","$15,000 to $24,999",556174
01/01/2014 12:00:00 AM,18 to 64,Male,"Some college, less than 4-yr degree","$25,000 to $34,999",371185
01/01/2014 12:00:00 AM,18 to 64,Male,"Some college, less than 4-yr degree","$35,000 to $49,999",495675
01/01/2014 12:00:00 AM,18 to 64,Male,"Some college, less than 4-yr degree","$50,000 to $74,999",423087
01/01/2014 12:00:00 AM,18 to 64,Male,"Some college, less than 4-yr degree","$75,000 and over",495187
01/01/2014 12:00:00 AM,18 to 64,Male,Bachelor's degree or higher,No Income,181482
01/01/2014 12:00:00 AM,18 to 64,Male,Bachelor's degree or higher,"$5,000 to $9,999",86481
01/01/2014 12:00:00 AM,18 to 64,Male,Bachelor's degree or higher,"$10,000 to $14,999",104462
01/01/2014 12:00:00 AM,18 to 64,Male,Bachelor's degree or higher,"$15,000 to $24,999",233954
01/01/2014 12:00:00 AM,18 to 64,Male,Bachelor's degree or higher,"$25,000 to $34,999",218789
01/01/2014 12:00:00 AM,18 to 64,Male,Bachelor's degree or higher,"$35,000 to $49,999",357532
01/01/2014 12:00:00 AM,18 to 64,Male,Bachelor's degree or higher,"$50,000 to $74,999",682425
01/01/2014 12:00:00 AM,18 to 64,Male,Bachelor's degree or higher,"$75,000 and over",1628605
01/01/2014 12:00:00 AM,18 to 64,Female,No high school diploma,No Income,723208
01/01/2014 12:00:00 AM,18 to 64,Female,No high school diploma,"$5,000 to $9,999",239883
01/01/2014 12:00:00 AM,18 to 64,Female,No high school diploma,"$10,000 to $14,999",189839
01/01/2014 12:00:00 AM,18 to 64,Female,No high school diploma,"$15,000 to $24,999",277974
01/01/2014 12:00:00 AM,18 to 64,Female,No high school diploma,"$25,000 to $34,999",120389
01/01/2014 12:00:00 AM,18 to 64,Female,No high school diploma,"$35,000 to $49,999",43218
01/01/2014 12:00:00 AM,18 to 64,Female,No high school diploma,"$50,000 to $74,999",14635
01/01/2014 12:00:00 AM,18 to 64,Female,No high school diploma,"$75,000 and over",2058
01/01/2014 12:00:00 AM,18 to 64,Female,High school or equivalent,No Income,670294
01/01/2014 12:00:00 AM,18 to 64,Female,High school or equivalent,"$5,000 to $9,999",266348
01/01/2014 12:00:00 AM,18 to 64,Female,High school or equivalent,"$10,000 to $14,999",272824
01/01/2014 12:00:00 AM,18 to 64,Female,High school or equivalent,"$15,000 to $24,999",453432
01/01/2014 12:00:00 AM,18 to 64,Female,High school or equivalent,"$25,000 to $34,999",318868
01/01/2014 12:00:00 AM,18 to 64,Female,High school or equivalent,"$35,000 to $49,999",245318
01/01/2014 12:00:00 AM,18 to 64,Female,High school or equivalent,"$50,000 to $74,999",128589
01/01/2014 12:00:00 AM,18 to 64,Female,High school or equivalent,"$75,000 and over",52375
01/01/2014 12:00:00 AM,18 to 64,Female,"Some college, less than 4-yr degree",No Income,581907
01/01/2014 12:00:00 AM,18 to 64,Female,"Some college, less than 4-yr degree","$5,000 to $9,999",404151
01/01/2014 12:00:00 AM,18 to 64,Female,"Some college, less than 4-yr degree","$10,000 to $14,999",389764
01/01/2014 12:00:00 AM,18 to 64,Female,"Some college, less than 4-yr degree","$15,000 to $24,999",483518
01/01/2014 12:00:00 AM,18 to 64,Female,"Some college, less than 4-yr degree","$25,000 to $34,999",528017
01/01/2014 12:00:00 AM,18 to 64,Female,"Some college, less than 4-yr degree","$35,000 to $49,999",469153
01/01/2014 12:00:00 AM,18 to 64,Female,"Some college, less than 4-yr degree","$50,000 to $74,999",344454
01/01/2014 12:00:00 AM,18 to 64,Female,"Some college, less than 4-yr degree","$75,000 and over",155579
01/01/2014 12:00:00 AM,18 to 64,Female,Bachelor's degree or higher,No Income,359264
01/01/2014 12:00:00 AM,18 to 64,Female,Bachelor's degree or higher,"$5,000 to $9,999",148975
01/01/2014 12:00:00 AM,18 to 64,Female,Bachelor's degree or higher,"$10,000 to $14,999",206941
01/01/2014 12:00:00 AM,18 to 64,Female,Bachelor's degree or higher,"$15,000 to $24,999",352744
01/01/2014 12:00:00 AM,18 to 64,Female,Bachelor's degree or higher,"$25,000 to $34,999",340611
01/01/2014 12:00:00 AM,18 to 64,Female,Bachelor's degree or higher,"$35,000 to $49,999",531019
01/01/2014 12:00:00 AM,18 to 64,Female,Bachelor's degree or higher,"$50,000 to $74,999",660048
01/01/2014 12:00:00 AM,18 to 64,Female,Bachelor's degree or higher,"$75,000 and over",953282
01/01/2014 12:00:00 AM,65 to 80+,Male,No high school diploma,No Income,31263
01/01/2014 12:00:00 AM,65 to 80+,Male,No high school diploma,"$5,000 to $9,999",40404
01/01/2014 12:00:00 AM,65 to 80+,Male,No high school diploma,"$10,000 to $14,999",81810
01/01/2014 12:00:00 AM,65 to 80+,Male,No high school diploma,"$15,000 to $24,999",76893
01/01/2014 12:00:00 AM,65 to 80+,Male,No high school diploma,"$25,000 to $34,999",32058
01/01/2014 12:00:00 AM,65 to 80+,Male,No high school diploma,"$35,000 to $49,999",15212
01/01/2014 12:00:00 AM,65 to 80+,Male,No high school diploma,"$50,000 to $74,999",8569
01/01/2014 12:00:00 AM,65 to 80+,Male,No high school diploma,"$75,000 and over",2153
01/01/2014 12:00:00 AM,65 to 80+,Male,High school or equivalent,No Income,28914
01/01/2014 12:00:00 AM,65 to 80+,Male,High school or equivalent,"$5,000 to $9,999",44824
01/01/2014 12:00:00 AM,65 to 80+,Male,High school or equivalent,"$10,000 to $14,999",66527
01/01/2014 12:00:00 AM,65 to 80+,Male,High school or equivalent,"$15,000 to $24,999",116746
01/01/2014 12:00:00 AM,65 to 80+,Male,High school or equivalent,"$25,000 to $34,999",80555
01/01/2014 12:00:00 AM,65 to 80+,Male,High school or equivalent,"$35,000 to $49,999",64170
01/01/2014 12:00:00 AM,65 to 80+,Male,High school or equivalent,"$50,000 to $74,999",40307
01/01/2014 12:00:00 AM,65 to 80+,Male,High school or equivalent,"$75,000 and over",36180
01/01/2014 12:00:00 AM,65 to 80+,Male,"Some college, less than 4-yr degree",No Income,27344
01/01/2014 12:00:00 AM,65 to 80+,Male,"Some college, less than 4-yr degree","$5,000 to $9,999",15423
01/01/2014 12:00:00 AM,65 to 80+,Male,"Some college, less than 4-yr degree","$10,000 to $14,999",45185
01/01/2014 12:00:00 AM,65 to 80+,Male,"Some college, less than 4-yr degree","$15,000 to $24,999",101765
01/01/2014 12:00:00 AM,65 to 80+,Male,"Some college, less than 4-yr degree","$25,000 to $34,999",96958
01/01/2014 12:00:00 AM,65 to 80+,Male,"Some college, less than 4-yr degree","$35,000 to $49,999",83427
01/01/2014 12:00:00 AM,65 to 80+,Male,"Some college, less than 4-yr degree","$50,000 to $74,999",53141
01/01/2014 12:00:00 AM,65 to 80+,Male,"Some college, less than 4-yr degree","$75,000 and over",42633
01/01/2014 12:00:00 AM,65 to 80+,Male,Bachelor's degree or higher,No Income,19286
01/01/2014 12:00:00 AM,65 to 80+,Male,Bachelor's degree or higher,"$5,000 to $9,999",28093
01/01/2014 12:00:00 AM,65 to 80+,Male,Bachelor's degree or higher,"$10,000 to $14,999",36463
01/01/2014 12:00:00 AM,65 to 80+,Male,Bachelor's degree or higher,"$15,000 to $24,999",103998
01/01/2014 12:00:00 AM,65 to 80+,Male,Bachelor's degree or higher,"$25,000 to $34,999",74877
01/01/2014 12:00:00 AM,65 to 80+,Male,Bachelor's degree or higher,"$35,000 to $49,999",120656
01/01/2014 12:00:00 AM,65 to 80+,Male,Bachelor's degree or higher,"$50,000 to $74,999",154551
01/01/2014 12:00:00 AM,65 to 80+,Male,Bachelor's degree or higher,"$75,000 and over",294802
01/01/2014 12:00:00 AM,65 to 80+,Female,No high school diploma,No Income,73275
01/01/2014 12:00:00 AM,65 to 80+,Female,No high school diploma,"$5,000 to $9,999",158180
01/01/2014 12:00:00 AM,65 to 80+,Female,No high school diploma,"$10,000 to $14,999",161001
01/01/2014 12:00:00 AM,65 to 80+,Female,No high school diploma,"$15,000 to $24,999",60502
01/01/2014 12:00:00 AM,65 to 80+,Female,No high school diploma,"$25,000 to $34,999",23657
01/01/2014 12:00:00 AM,65 to 80+,Female,No high school diploma,"$35,000 to $49,999",7261
01/01/2014 12:00:00 AM,65 to 80+,Female,No high school diploma,"$50,000 to $74,999",4666
01/01/2014 12:00:00 AM,65 to 80+,Female,High school or equivalent,No Income,57461
01/01/2014 12:00:00 AM,65 to 80+,Female,High school or equivalent,"$5,000 to $9,999",76573
01/01/2014 12:00:00 AM,65 to 80+,Female,High school or equivalent,"$10,000 to $14,999",152945
01/01/2014 12:00:00 AM,65 to 80+,Female,High school or equivalent,"$15,000 to $24,999",161619
01/01/2014 12:00:00 AM,65 to 80+,Female,High school or equivalent,"$25,000 to $34,999",61889
01/01/2014 12:00:00 AM,65 to 80+,Female,High school or equivalent,"$35,000 to $49,999",55265
01/01/2014 12:00:00 AM,65 to 80+,Female,High school or equivalent,"$50,000 to $74,999",34110
01/01/2014 12:00:00 AM,65 to 80+,Female,High school or equivalent,"$75,000 and over",7122
01/01/2014 12:00:00 AM,65 to 80+,Female,"Some college, less than 4-yr degree",No Income,32604
01/01/2014 12:00:00 AM,65 to 80+,Female,"Some college, less than 4-yr degree","$5,000 to $9,999",135938
01/01/2014 12:00:00 AM,65 to 80+,Female,"Some college, less than 4-yr degree","$10,000 to $14,999",85356
01/01/2014 12:00:00 AM,65 to 80+,Female,"Some college, less than 4-yr degree","$15,000 to $24,999",203800
01/01/2014 12:00:00 AM,65 to 80+,Female,"Some college, less than 4-yr degree","$25,000 to $34,999",95482
01/01/2014 12:00:00 AM,65 to 80+,Female,"Some college, less than 4-yr degree","$35,000 to $49,999",64166
01/01/2014 12:00:00 AM,65 to 80+,Female,"Some college, less than 4-yr degree","$50,000 to $74,999",63144
01/01/2014 12:00:00 AM,65 to 80+,Female,"Some college, less than 4-yr degree","$75,000 and over",54704
01/01/2014 12:00:00 AM,65 to 80+,Female,Bachelor's degree or higher,No Income,15459
01/01/2014 12:00:00 AM,65 to 80+,Female,Bachelor's degree or higher,"$5,000 to $9,999",62471
01/01/2014 12:00:00 AM,65 to 80+,Female,Bachelor's degree or higher,"$10,000 to $14,999",104583
01/01/2014 12:00:00 AM,65 to 80+,Female,Bachelor's degree or higher,"$15,000 to $24,999",82988
01/01/2014 12:00:00 AM,65 to 80+,Female,Bachelor's degree or higher,"$25,000 to $34,999",59607
01/01/2014 12:00:00 AM,65 to 80+,Female,Bachelor's degree or higher,"$35,000 to $49,999",113584
01/01/2014 12:00:00 AM,65 to 80+,Female,Bachelor's degree or higher,"$50,000 to $74,999",97657
01/01/2014 12:00:00 AM,65 to 80+,Female,Bachelor's degree or higher,"$75,000 and over",110009
